num,name,p_np,smiles
1,Propanolol,1,[Cl].CC(C)NCC(O)COc1cccc2ccccc12
2,Terbutylchlorambucil,1,C(=O)(OC(C)(C)C)CCCc1ccc(cc1)N(CCCl)CCCl
3,40730,1,c12c3c(N4CCN(C)CC4)c(F)cc1c(c(C(O)=O)cn2C(C)CO3)=O
4,24,1,C1CCN(CC1)Cc1cccc(c1)OCCCNC(=O)C
5,cloxacillin,1,Cc1onc(c2ccccc2Cl)c1C(=O)N[C@H]3[C@H]4SC(C)(C)[C@@H](N4C3=O)C(O)=O
9,diltiazem,1,COc1ccc(cc1)[C@@H]2Sc3ccccc3N(CCN(C)C)C(=O)[C@@H]2OC(C)=O
10,Amiloride,1,NC(N)=NC(=O)c1nc(Cl)c(N)nc1N
11,M2L-663581,0,OCC(C)(O)c1onc(c2ncn3c2CN(C)C(c4c3cccc4Cl)=O)n1
12,alovudine,1,CC1=CN([C@H]2C[C@H](F)[C@@H](CO)O2)C(=O)NC1=O
13,18,1,C(Cl)Cl
14,24959,1,C1N(C(CC2CCCCC12)C(NC(C)(C)C)=O)CC(C(Cc1ccccc1)NC(C(NC(c1nc2c(cccc2)cc1)=O)CC(N)=O)=O)O
15,methadone,1,CCC(=O)C(CC(C)N(C)C)(c1ccccc1)c2ccccc2
16,alfentanil,1,CCN1N=NN(CCN2CCC(CC2)(COC)N(C(=O)CC)c3ccccc3)C1=O
17,BRL53080,1,CN(C)C(=O)C(CCN1CCC(O)(CC1)c1ccc(Cl)cc1)(c1ccccc1)c1ccccc1
18,hyoscyamine,1,CN1C2CCC1CC(C2)OC(=O)[C@H](CO)c3ccccc3
21,2-Methylpentane,1,CCCC(C)C
22,Dexamfetamine,1,C[C@H](N)Cc1ccccc1
23,SKF-93619,0,c1cc2c(cc(CC3=CNC(=NC3=O)NCCSCc3oc(cc3)CN(C)C)cc2)cc1
24,nadolol,1,CC(C)(C)NCC(O)COc1cccc2C[C@@H](O)[C@@H](O)Cc12
26,12,0,CCNC(=NC#N)NCCSCc1c(cccn1)Br
27,zolpidem,1,CN(C)C(=O)Cc1n2cc(C)ccc2nc1c3ccc(C)cc3
31,Pentobarbital,1,CCCC(C)C1(CC)C(=O)NC(=O)NC1=O
32,Levofloxacin,1,C[C@H]1COc2c(N3CCN(C)CC3)c(F)cc4C(=O)C(=CN1c24)C(O)=O
33,compound 40,1,c1ccc(C(NCCCOc2cc(CN3CCCCC3)ccc2)=O)cc1
34,RO19-4603,1,CC(C)(C)OC(=O)C1=C2CN(C(=O)C3=C(N2C=N1)C=CS3)C
35,fentanyl,1,CCC(=O)N(C1CCN(CC1)CCc2ccccc2)c3ccccc3
36,etomidate,1,CCOC(=O)c1cncn1C(C)c2ccccc2
38,prochlorperazine,1,CN1CCN(CCCN2c3ccccc3Sc4ccc(Cl)cc24)CC1
40,compound 34,0,O=C(C)Nc1cc(c2csc(N=C(N)N)n2)ccc1
42,thiamphenicol,1,C[S](=O)(=O)c1ccc(cc1)[C@@H](O)[C@@H](CO)NC(=O)C(Cl)Cl
43,16,1,c1ccc(cc1)c1csc(n1)N=C(N)N
44,mexiletine,1,CC(N)COc1c(C)cccc1C
45,dextropropoxyphene,1,CCC(=O)O[C@@](Cc1ccccc1)([C@H](C)CN(C)C)c2ccccc2
46,Nor-1-chlorpromazine,1,ClC1=CC=C(C2=C1)SC3=C(N2CCCNC)C=CC=C3
48,cefamandole,1,Cn1nnnc1SCC2=C(N3[C@H](SC2)[C@H](NC(=O)[C@H](O)c4ccccc4)C3=O)C(O)=O
49,Y-G 15,1,n(ccc1)c(c1)CCN(C)C
50,Org13011,1,O=C1N(CCC1)CCCCN2CCN(CC2)c3cc(C(F)(F)F)ccn3
51,Quinidine,1,COc1ccc2nccc([C@H](O)[C@H]3C[C@@H]4CCN3C[C@@H]4C=C)c2c1
52,38480,1,c1(ccccc1)CC
53,17,1,c1ccc(cc1N)c1csc(n1)N=C(N)N
54,vinblastine,1,CC[C@]1(O)C[C@H]2CN(CCc3c([nH]c4ccccc34)[C@@](C2)(C(=O)OC)c5cc6c(cc5OC)N(C)[C@H]7[C@](O)([C@H](OC(C)=O)[C@]8(CC)C=CCN9CC[C@]67[C@H]89)C(=O)OC)C1
55,Bacitracin,1,c1(c(cc(NC(CCC)=O)cc1)C(C)=O)OCC(CNC(C)C)O
56,Nor-2-chlorpromazine,1,ClC1=CC=C(SC(C=CC=C2)=C2N3CCCN)C3=C1
58,19,0,CNC(=NC#N)Nc1cccc(c1)c1csc(n1)N=C(N)N
59,Y-G 14,1,n(ccc1)c(c1)CCNC
61,sertraline,1,[Cl-].CN[C@H]1CC[C@@H](c2ccc(Cl)c(Cl)c2)c3ccccc13.[H+]
64,vincristine,1,CC[C@]1(O)C[C@H]2CN(CCc3c([nH]c4ccccc34)[C@@](C2)(C(=O)OC)c5cc6c(cc5OC)N(C=O)[C@H]7[C@](O)([C@H](OC(C)=O)[C@]8(CC)C=CCN9CC[C@]67[C@H]89)C(=O)OC)C1
65,SB-222200,1,CCC(NC(=O)c1c(c(nc2c1cccc2)c1ccccc1)C)c1ccccc1
68,maprotiline,1,CNCCCC12CCC(c3ccccc13)c4ccccc24
70,MIL-663581,0,OC(C)(C)c1onc(c2ncn3c2CN(C)C(c4c3cccc4Cl)=O)n1
71,cefotaxime,1,[Na+].CO\N=C(C(=O)N[C@@H]1[C@@H]2SCC(=C(N2C1=O)C([O-])=O)COC(C)=O)\c3csc(N)n3
72,carbamazepine-10,1,C1=CC=C2C(=C1)C3C(O3)C4=CC=CC=C4N2C(=O)N
73,Cyclohexane,1,C1CCCCC1
74,2,1,Cc1csc(n1)N=C(N)N
75,SKF89124,1,CCCN(CCc1c2c(c(cc1)O)NC(=O)C2)CCC
76,Org5222,1,Clc1cc2c(Oc3ccccc3C3CN(CC32)C)cc1
78,cefuroxime,1,CO/N=C(C(=O)N[C@H]1[C@H]2SCC(=C(N2C1=O)C(O)=O)COC(N)=O)/c3occc3
80,Org4428,1,OC12c3c(Oc4c(C)cccc4C2CN(CC1)C)cccc3
81,compound 32,1,[O-][N+](C1=CC=NC1NCCSCc2ccccn2)=O
82,Bretyliumtosilate,1,c12c(nc([nH]1)NC(OC)=O)cc(SCCC)cc2
83,Y-G 20,0,c1cccn2c1nc(c2)CCN
84,ornidazole,1,Cc1ncc(n1CC(O)CCl)[N+]([O-])=O
85,SKF101468,1,CCCN(CCc1c2c(ccc1)NC(=O)C2)CCC
86,Org30526,1,Clc1cc2c(Oc3ccccc3C3CNCC32)cc1
87,36,1,CN(CCC=C1c2ccccc2CCc2ccccc12)C
90,Org32104,1,OC12c3c(Oc4c(C)cccc4C2CNCC1)cccc3
91,compound 31,1,[O-][N+](C1=CC=NC1NCCSCc2ncccc2Br)=O
92,SB204457,1,c12c3c(C(NC(C)=O)CCc2cc(c(c1OC)OC)OC)cc(=O)c(cc3)OC
93,compound 41,1,C1CCN(CC1)Cc1cc(OCCCO)ccc1
94,clomethiazole,1,Cc1ncsc1CCCl
95,celiprolol,1,CCN(CC)C(=O)Nc1ccc(OCC(O)CNC(C)(C)C)c(c1)C(C)=O
96,"""1,1,1-Trifluro-2-chloroethane""",1,ClCC(F)(F)F
97,33,1,CN1C(=O)c2c(cccc2Cl)n2cnc(c2C1)c1noc(n1)C(C)C
98,cefoxitin,1,CO[C@]1(NC(=O)Cc2sccc2)[C@H]3SCC(=C(N3C1=O)C(O)=O)COC(N)=O
100,9-OH Risperidone,1,OC1C(N2CCC1)=NC(C)=C(CCN3CCC(CC3)c4c5ccc(F)cc5on4)C2=O
101,acetaminophen,1,CC(=O)Nc1ccc(O)cc1
102,acetylsalicylate,0,CC(=O)Oc1ccccc1C(O)=O
107,amoxicillin,0,O.O.O.CC1(C)S[C@@H]2[C@H](NC(=O)[C@H](N)c3ccc(O)cc3)C(=O)N2[C@H]1C(O)=O
108,ampicillin,0,CC1(C)S[C@@H]2[C@H](NC(=O)[C@H](N)c3ccccc3)C(=O)N2[C@H]1C(O)=O
109,androsan,0,C[C@]1(O)CC[C@H]2[C@@H]3CCC4=CC(=O)CC[C@]4(C)[C@H]3CC[C@]12C
111,oxazepam,1,OC1N=C(c2ccccc2)c3cc(Cl)ccc3NC1=O
113,oxycodone,1,COc1ccc2C[C@H]3N(C)CC[C@@]45[C@@H](Oc1c24)C(=O)CC[C@@]35O
114,oxymorphone,1,CN1CC[C@]23[C@H]4Oc5c(O)ccc(C[C@@H]1[C@]2(O)CCC4=O)c35
116,pemoline,1,NC1=NC(=O)C(O1)c2ccccc2
117,pentazocine,1,C[C@@H]1[C@H]2Cc3ccc(O)cc3[C@]1(C)CCN2CC=C(C)C
118,Ethionamide,1,CCc1cc(ccn1)C(N)=S
120,Famotidine,1,NC(N)=Nc1scc(CSCCC(N)=N[S](N)(=O)=O)n1
122,Foscarnetsodium,1,[Na+].[Na+].[Na+].[O-]C(=O)[P]([O-])([O-])=O
123,Gabapentin,1,NCC1(CCCCC1)CC(O)=O
128,atropine,0,CN1C2CCC1CC(C2)OC(=O)C(CO)c3ccccc3
129,Auxeomycin,0,[Cl-].CN(C)[C@H]1[C@@H]2C[C@H]3C(=C(O)c4c(O)ccc(Cl)c4[C@@]3(C)O)C(=O)[C@]2(O)C(=O)\C(=C(N)/O)C1=O.[H+]
130,Betamethasone,0,C[C@H]1C[C@H]2[C@@H]3CCC4=CC(=O)C=C[C@]4(C)[C@@]3(F)[C@@H](O)C[C@]2(C)[C@@]1(O)C(=O)CO
131,carbenicillin,0,CC1(C)S[C@@H]2[C@H](NC(=O)C(C(O)=O)c3ccccc3)C(=O)N2[C@H]1C(O)=O
132,carbidopa,0,C[C@@](Cc1ccc(O)c(O)c1)(NN)C(O)=O
134,Cefazolin,0,[Na+].Cc1sc(SCC2=C(N3[C@H](SC2)[C@H](NC(=O)Cn4cnnn4)C3=O)C([O-])=O)nn1
136,chlorambucil,0,OC(=O)CCCc1ccc(cc1)N(CCCl)CCCl
137,pergolide,1,CCCN1C[C@H](CSC)C[C@H]2[C@H]1Cc3c[nH]c4cccc2c34
138,perlapine,1,CN1CCN(CC1)C2=Nc3ccccc3Cc4ccccc24
139,perphenazine-HCl,1,OCCN1CCN(CCCN2c3ccccc3Sc4ccc(Cl)cc24)CC1
140,pethidine,1,CCOC(=O)C1(CCN(C)CC1)c2ccccc2
142,phenelzine sulfate,1,NNCCc1ccccc1.O[S](O)(=O)=O
143,phenobarbital,1,CCC1(C(=O)NC(=O)NC1=O)c2ccccc2
144,phenprobamate,1,NC(=O)OCCCc1ccccc1
145,physostigmine,1,CNC(=O)Oc1ccc2N(C)[C@H]3N(C)CC[C@@]3(C)c2c1
146,Norepinephrine,0,NCC(O)c1ccc(O)c(O)c1
148,Oxacillin,0,Cc1onc(c2ccccc2)c1C(=O)N[C@H]3[C@H]4SC(C)(C)[C@@H](N4C3=O)C(O)=O
150,Phenoxymethylpenicillin,0,CC1(C)S[C@@H]2[C@H](NC(=O)COc3ccccc3)C(=O)N2[C@H]1C([O-])=O
151,chloramphenicol,0,OCC(NC(=O)C(Cl)Cl)C(O)c1ccc(cc1)[N+]([O-])=O
153,chlorpropamide,0,CCCNC(=O)N[S](=O)(=O)c1ccc(Cl)cc1
154,Chlortetracycline,0,CN(C)[C@H]1[C@@H]2C[C@H]3C(=C(O)c4c(O)ccc(Cl)c4[C@@]3(C)O)C(=O)[C@]2(O)C(=O)\C(=C(N)/O)C1=O
156,clofibrate,0,CCOC(=O)C(C)(C)Oc1ccc(Cl)cc1
157,clofibric acid,0,CC(C)(Oc1ccc(Cl)cc1)C(O)=O
159,corticosterone,0,C[C@]12C[C@H](O)[C@H]3[C@@H](CCC4=CC(=O)CC[C@]34C)[C@@H]1CC[C@@H]2C(=O)CO
160,Cortisone,0,C[C@]12CCC(=O)C=C1CC[C@H]3[C@@H]4CC[C@](O)(C(=O)CO)[C@@]4(C)CC(=O)[C@H]23
162,pimozide,1,Fc1ccc(cc1)C(CCCN2CCC(CC2)N3C(=O)Nc4ccccc34)c5ccc(F)cc5
166,pregnanolone,1,CC(=O)[C@H]1CC[C@H]2[C@@H]3CC[C@@H]4C[C@H](O)CC[C@]4(C)[C@H]3CC[C@]12C
168,procaine,1,CCN(CC)CCOC(=O)c1ccc(N)cc1
170,promazine,1,CN(C)CCCN1c2ccccc2Sc3ccccc13
171,Pindolol,1,CC(C)NCC(O)COc1cccc2[nH]ccc12
176,Trimetrexate,0,COc1cc(NCc2ccc3nc(N)nc(N)c3c2C)cc(OC)c1OC
177,Trometamol,0,NC(CO)(CO)CO
179,Urea,1,NC(N)=O
183,dicumarol,0,OC1=C(CC2=C(O)Oc3ccccc3C2=O)C(=O)c4ccccc4O1
186,Digitoxin,0,C[C@H]1O[C@H](C[C@H](O)[C@@H]1O)O[C@H]2[C@@H](O)C[C@@H](O[C@@H]2C)O[C@H]3[C@@H](O)C[C@@H](O[C@@H]3C)O[C@H]4CC[C@@]5(C)[C@H](CC[C@@H]6[C@@H]5CC[C@]7(C)[C@@H](CC[C@]67O)C8=CC(=O)OC8)C4
187,Digoxin,0,C[C@H]1O[C@H](C[C@H](O)[C@@H]1O)O[C@H]2[C@@H](O)C[C@@H](O[C@@H]2C)O[C@H]3[C@@H](O)C[C@@H](O[C@@H]3C)O[C@H]4CC[C@@]5(C)[C@H](CC[C@@H]6[C@@H]5C[C@@H](O)[C@]7(C)[C@H](CC[C@]67O)C8=CC(=O)OC8)C4
189,promethazine-HCl,1,CC(CN1c2ccccc2Sc3ccccc13)N(C)C
190,propiomazine,1,CCC(=O)c1ccc2Sc3ccccc3N(CC(C)N(C)C)c2c1
191,propofol,1,CC(C)c1cccc(C(C)C)c1O
192,protriptyline,1,CNCCCC1c2ccccc2C=Cc3ccccc13
194,quazepam,1,Fc1ccccc1C2=NCC(=S)N(CC(F)(F)F)c3ccc(Cl)cc23
196,reserpine,1,CO[C@H]1[C@@H](C[C@@H]2CN3CCc4c([nH]c5cc(OC)ccc45)[C@H]3C[C@@H]2[C@@H]1C(=O)OC)OC(=O)c6cc(OC)c(OC)c(OC)c6
197,secobarbital,1,CCCC(C)C1(CC=C)C(=O)NC(=O)NC1=O
200,Azelaicacid,0,OC(=O)CCCCCCCC(O)=O
203,Bethanechol,0,[Cl-].CC(C[N+](C)(C)C)OC(N)=O
206,Buprenorphine,1,c12[C@]34[C@@]56[C@H]([N@@](CC7CC7)CC4)Cc2ccc(c1O[C@H]3[C@](OC)([C@H](C5)[C@](C(C)(C)C)(C)O)CC6)O
207,dopamine,0,NCCc1ccc(O)c(O)c1
208,doxorubicin,0,COc1cccc2C(=O)c3c(O)c4C[C@](O)(C[C@H](O[C@H]5C[C@H](N)[C@H](O)[C@H](C)O5)c4c(O)c3C(=O)c12)C(=O)CO
209,doxycycline,0,O.C[C@@H]1[C@H]2[C@H](O)[C@H]3[C@H](N(C)C)C(=O)C(=C(N)/O)/C(=O)[C@@]3(O)C(=O)C2=C(O)c4c(O)cccc14
211,Econazole,0,Clc1ccc(COC(Cn2ccnc2)c3ccc(Cl)cc3Cl)cc1
213,Ephedrine,0,CN[C@@H](C)[C@H](O)c1ccccc1
214,epinephrine,0,CNC[C@H](O)c1ccc(O)c(O)c1
215,erythromycin,0,CC[C@H]1OC(=O)[C@H](C)[C@@H](O[C@H]2C[C@@](C)(OC)[C@@H](O)[C@H](C)O2)[C@H](C)[C@@H](O[C@@H]3O[C@H](C)C[C@@H]([C@H]3O)N(C)C)[C@](C)(O)C[C@@H](C)C(=O)[C@H](C)[C@@H](O)[C@]1(C)O
216,estradiol,0,C[C@]12CC[C@H]3[C@@H](CCc4cc(O)ccc34)[C@@H]1CC[C@@H]2O
217,tacrine,1,Nc1c2CCCCc2nc3ccccc13
218,temazepam,1,CN1C(=O)C(O)N=C(c2ccccc2)c3cc(Cl)ccc13
219,tetrabenzine,1,COc1cc2CCN3CC(CC(C)C)C(=O)CC3c2cc1OC
222,thiethylperazine,1,CCSc1ccc2Sc3ccccc3N(CCCN4CCN(C)CC4)c2c1
223,thioridazine,1,CSc1ccc2Sc3ccccc3N(CCC4CCCCN4C)c2c1
224,thiothixene,1,CN1CCN(CC/C=C/2c3ccccc3Sc4ccc(cc24)[S](=O)(=O)N(C)C)CC1
227,Busulfan,1,C[S](=O)(=O)OCCCCO[S](C)(=O)=O
231,Cladribine,1,Nc1nc(Cl)nc2n(cnc12)[C@H]3C[C@H](O)[C@@H](CO)O3
234,Ethacrynic acid,0,CCC(=C)C(=O)c1ccc(OCC(O)=O)c(Cl)c1Cl
235,ethinylestradiol,0,C[C@]12CC[C@H]3[C@@H](CCc4cc(O)ccc34)[C@@H]1CC[C@@]2(O)C#C
237,floxuridine,0,OC[C@H]1O[C@H](C[C@@H]1O)N2C=C(F)C(=O)NC2=O
238,Flucloxacillin,0,Cc1onc(c1C(=O)N[C@H]2[C@H]3SC(C)(C)[C@@H](N3C2=O)C(O)=O)c4c(F)cccc4Cl
241,ganciclovir,0,NC1=NC(=O)c2ncn(COC(CO)CO)c2N1
243,trifluperidol,1,OC1(CCN(CCCC(=O)c2ccc(F)cc2)CC1)c3cccc(c3)C(F)(F)F
244,triflupromazine,1,CN(C)CCCN1c2ccccc2Sc3ccc(cc13)C(F)(F)F
245,trifluroperazine,1,CN1CCN(CCCN2c3ccccc3Sc4ccc(cc24)C(F)(F)F)CC1
248,trimipramine,1,CC(CN(C)C)CN1c2ccccc2CCc3ccccc13
249,tybamate,1,CCCCNC(=O)OCC(C)(CCC)COC(N)=O
250,uridine,1,OCC1OC(C(O)C1O)N2C=CC(=O)NC2=O
251,valproicacid,1,CCCC(CCC)C(O)=O
252,zimelidine,1,CN(C)C/C=C(/c1ccc(Br)cc1)c2cccnc2
254,Colchicine,0,COC1=CC=C2C(=CC1=O)[C@H](CCc3cc(OC)c(OC)c(OC)c23)NC(C)=O
257,Hydroxycarbamide,1,NC(=O)NO
258,Ipratropiumbromide,0,[Br-].CC(C)[N+]1(C)C2CCC1CC(C2)OC(=O)C(CO)c3ccccc3
259,guanabenz,0,NC(N)=N\N=C\c1c(Cl)cccc1Cl
261,homatropine,0,CN1C2CCC1CC(C2)OC(=O)C(O)c3ccccc3
263,Hydrochlorothiazide,0,N[S](=O)(=O)c1cc2c(NCN[S]2(=O)=O)cc1Cl
264,Hydrocortisone,0,C[C@]12CCC(=O)C=C1CC[C@H]3[C@@H]4CC[C@](O)(C(=O)CO)[C@@]4(C)C[C@H](O)[C@H]23
265,hydroflumethiazide,0,N[S](=O)(=O)c1cc2c(NCN[S]2(=O)=O)cc1C(F)(F)F
266,ibuprofen,0,CC(C)Cc1ccc(cc1)C(C)C(O)=O
267,indomethacin,0,COc1ccc2n(c(C)c(CC(O)=O)c2c1)C(=O)c3ccc(Cl)cc3
268,35,0,c12c(c(ccc1)Cl)C(N(Cc1n2cnc1c1nc(on1)[C@](CO)(C)O)C)=O
269,1-47,0,NCCc1cn2c(n1)cccc2
271,9-OH-risperidone,1,c1(c2c(cc(F)cc2)on1)C1CCN(CCc2c(n3c([C@@H](CCC3)O)nc2C)=O)CC1
272,Alprazolam,1,Cc1nnc2CN=C(c3ccccc3)c4cc(Cl)ccc4n12
273,BCNU,1,ClCCNC(=O)N(CCCl)N=O
275,Kanamycin,0,NCC1OC(OC2C(N)CC(N)C(OC3OC(CO)C(O)C(N)C3O)C2O)C(O)C(O)C1O
276,Ketoprofen,1,CC(C(O)=O)c1cccc(c1)C(=O)c2ccccc2
278,Metaraminol,0,C[C@H](N)[C@H](O)c1cccc(O)c1
279,isoniazid,0,NNC(=O)c1ccncc1
280,Isoproterenol,0,CC(C)NCC(O)c1ccc(O)c(O)c1
283,labetalol,0,CC(CCc1ccccc1)NCC(O)c2ccc(O)c(c2)C(N)=O
284,levodopa,0,N[C@@H](Cc1ccc(O)c(O)c1)C(O)=O
285,mannitol,0,OCC(O)C(O)C(O)C(O)CO
286,Meclocycline,0,CN(C)C1C2C(O)C3C(=C)c4c(Cl)ccc(O)c4C(=C3C(=O)C2(O)C(=O)\C(=C(N)/O)C1=O)O
289,Cimetidine,0,CN=C(NCCSCc1nc[nH]c1C)NC#N
290,Clonidine,1,Clc1cccc(Cl)c1NC2=NCCN2
292,Metoprolol,1,COCCc1ccc(OCC(O)CNC(C)C)cc1
293,Metronidazole,1,Cc1ncc(n1CCO)[N+]([O-])=O
296,Moclobemide,1,Clc1ccc(cc1)C(=O)NCCN2CCOCC2
297,Propanthelinebromide,0,[Br-].CC(C)[N+](C)(CCOC(=O)C1c2ccccc2Oc3ccccc13)C(C)C
298,Pyrazinamide,1,NC(=O)c1cnccn1
301,Quinine,0,COc1ccc2nccc([C@@H](O)[C@@H]3C[C@H]4CCN3C[C@@H]4C=C)c2c1
302,melphalan,0,NC(Cc1ccc(cc1)N(CCCl)CCCl)C(O)=O
305,mequitazine,0,C1CN2CCC1C(C2)CN3c4ccccc4Sc5ccccc35
306,mestranol,0,COc1ccc2[C@H]3CC[C@@]4(C)[C@@H](CC[C@@]4(O)C#C)[C@@H]3CCc2c1
307,methantheline,0,CC[N+](C)(CC)CCOC(=O)C1c2ccccc2Oc3ccccc13
309,Methyclothiazide,0,CN1C(CCl)Nc2cc(Cl)c(cc2[S]1(=O)=O)[S](N)(=O)=O
310,methyldopa,0,C[C@](N)(Cc1ccc(O)c(O)c1)C(O)=O
311,Icotidine,0,[Cl-].[Cl-].[Cl-].COc1cccnc1CCCCNC2=NC=C(Cc3ccc(C)nc3)C(=O)N2.[H+].[H+].[H+]
312,L-663581,1,CC(C)c1onc(n1)c2ncn3c2CN(C)C(=O)c4c(Cl)cccc34
315,Midazolam,1,Cc1ncc2CN=C(c3ccccc3F)c4cc(Cl)ccc4n12
317,Saquinavir,0,CC(C)(C)NC(=O)[C@@H]1C[C@@H]2CCCC[C@@H]2CN1C[C@@H](O)[C@H](Cc3ccccc3)NC(=O)[C@H](CC(N)=O)NC(=O)c4ccc5ccccc5n4
318,Sevoflurane,1,FCOC(C(F)(F)F)C(F)(F)F
319,Sodiumamidotrizoate,0,[Na+].CC(=O)Nc1c(I)c(NC(C)=O)c(I)c(C([O-])=O)c1I
320,Sotalol,1,CC(C)NCC(O)c1ccc(N[S](C)(=O)=O)cc1
322,Streptomycin,0,CN[C@H]1[C@H](O)[C@@H](O)[C@H](CO)O[C@H]1O[C@H]2[C@@H](O[C@@H](C)[C@]2(O)C=O)O[C@H]3[C@H](O)[C@@H](O)[C@H](N=C(N)N)[C@@H](O)[C@@H]3N=C(N)N
325,Methylprednisolone,0,C[C@H]1C[C@H]2[C@@H]3CC[C@](O)(C(=O)CO)[C@@]3(C)C[C@H](O)[C@@H]2[C@@]4(C)C=CC(=O)C=C14
326,Miconazole,0,Clc1ccc(COC(Cn2ccnc2)c3ccc(Cl)cc3Cl)c(Cl)c1
327,nandrolone,0,C[C@]12CC[C@H]3[C@@H](CCC4=CC(=O)CC[C@H]34)[C@@H]1CC[C@@H]2O
328,neodicoumarol,0,CCOC(=O)C(C1=C(O)Oc2ccccc2C1=O)C3=C(O)Oc4ccccc4C3=O
329,Nicotinyl alcohol,0,OCc1cccnc1
330,norethindrone,0,C[C@]12CC[C@H]3[C@@H](CCC4=CC(=O)CC[C@H]34)[C@@H]1CC[C@@]2(O)C#C
331,norfenefrine,0,NCC(O)c1cccc(O)c1
332,nylidrin,0,CC(CCc1ccccc1)NC(C)C(O)c2ccc(O)cc2
338,Org30526,1,c1c2c(cc(c1)Cl)[C@@H]1[C@H](c3ccccc3O2)CNC1
339,Org32104,1,c1c2c(ccc1)[C@@]1([C@@H](c3cccc(c3O2)C)CNCC1)O
341,Org4428,1,c1c2c(ccc1)[C@@]1([C@@H](c3cccc(c3O2)C)C[N@](CC1)C)O
342,Org5222,1,c1c2c(cc(c1)Cl)[C@@H]1[C@H](c3ccccc3O2)CN(C1)C
343,Ranitidine,0,CNC(/NCCSCc1oc(CN(C)C)cc1)=C\[N+]([O-])=O
346,Ticarcillin,1,[Na+].[Na+].CC1(C)S[C@@H]2[C@H](NC(=O)[C@H](C([O-])=O)c3cscc3)C(=O)N2[C@H]1C([O-])=O
352,oxytetracycline,0,O.O.CN(C)[C@H]1[C@@H]2[C@@H](O)[C@H]3C(=C(O)c4c(O)cccc4[C@@]3(C)O)C(=O)[C@]2(O)C(=O)\C(=C(N)/O)C1=O
354,penicillin G,0,CC1(C)S[C@@H]2[C@H](NC(=O)Cc3ccccc3)C(=O)N2[C@H]1C(O)=O
355,phenacetin,0,CCOc1ccc(NC(C)=O)cc1
357,pheniramine,0,CN(C)CCC(c1ccccc1)c2ccccn2
361,pirbuterol,0,CC(C)(C)NCC(O)c1ccc(O)c(CO)n1
362,Risperidone,1,CC1=C(CCN2CCC(CC2)c3noc4cc(F)ccc34)C(=O)N5CCCCC5=N1
364,Temelastine,0,Cc1ccc(CC2=CN=C(NCCCCc3ncc(Br)cc3C)NC2=O)cn1
369,Lomustine,1,ClCCN(N=O)C(=O)NC1CCCCC1
370,Mesna,0,[Na+].[O-][S](=O)(=O)CCS
371,Streptozotocin,0,CN(N=O)C(=O)N[C@H]1[C@@H](O)O[C@H](CO)[C@@H](O)[C@@H]1O
375,Polythiazide,0,CN1C(CSCC(F)(F)F)Nc2cc(Cl)c(cc2[S]1(=O)=O)[S](N)(=O)=O
376,prednisolone,0,C[C@]12C[C@H](O)[C@H]3[C@@H](CCC4=CC(=O)C=C[C@]34C)[C@@H]1CC[C@]2(O)C(=O)CO
377,prednisone,0,C[C@]12CC(=O)[C@H]3[C@@H](CCC4=CC(=O)C=C[C@]34C)[C@@H]1CC[C@]2(O)C(=O)CO
378,probenecid,0,CCCN(CCC)[S](=O)(=O)c1ccc(cc1)C(O)=O
379,progesterone,0,CC(=O)[C@H]1CC[C@H]2[C@@H]3CCC4=CC(=O)CC[C@]4(C)[C@H]3CC[C@]12C
380,propranolol,0,CC(C)NCC(O)COc1cccc2ccccc12
384,Tiotidine,1,CN=C(NCCSCc1csc(N=C(N)N)n1)NC#N
386,1-hydroxymidazolam,1,OCc1ncc2CN=C(c3ccccc3F)c4cc(Cl)ccc4n12
387,111-trichloroethane,1,CC(Cl)(Cl)Cl
388,111-trifluoro-2-chloroethane,1,C(CCl)(F)(F)F
389,2-methylpropanol,1,CC(C)CO
390,"""2,2-dimethylbutane""",1,CCC(C)(C)C
391,Vidarabine,1,Nc1ncnc2n(cnc12)C3OC(CO)C(O)C3O
392,Bis-hydroxylated-L-663581,0,c12c(C(N(Cc3n1cnc3c1noc(n1)C(CO)(CO)C)C)=O)c(ccc2)Cl
394,Mono-hydroxylated-L-663581,0,c12c(C(N(Cc3n1cnc3c1noc(n1)C(O)(C)C)C)=O)c(ccc2)Cl
397,salicylic acid,0,OC(=O)c1ccccc1O
404,testosterone,0,C[C@]12CC[C@H]3[C@@H](CCC4=CC(=O)CC[C@]34C)[C@@H]1CC[C@@H]2O
405,TetraCycline,0,CN(C)[C@H]1[C@@H]2C[C@H]3C(=C(O)c4c(O)cccc4[C@@]3(C)O)C(=O)[C@]2(O)C(=O)\C(=C(N)/O)C1=O
406,3-methylhexane,1,CCCC(C)CC
407,3-methylpentane,1,CCC(C)CC
408,4-hydroxymidazolam,1,Cc1ncc2C(O)N=C(c3ccccc3F)c4cc(Cl)ccc4n12
409,Aminopyrine,1,CN(C)C1=C(C)N(C)N(c2ccccc2)C1=O
410,Atenolol,0,CC(C)NCC(O)COc1ccc(CC(N)=O)cc1
411,Benzene,1,c1ccccc1
413,Bromperidol,1,OC1(CCN(CCCC(=O)c2ccc(F)cc2)CC1)c3ccc(Br)cc3
415,Ofloxacin,1,CC1COc2c(N3CCN(C)CC3)c(F)cc4C(=O)C(=CN1c24)C(O)=O
417,aldosterone,0,C[C@]12CCC(=O)C=C1CC[C@H]3[C@@H]4CC[C@H](C(=O)CO)[C@]4(C[C@H](O)[C@H]23)C=O
418,BRL52537,1,c1(cc(c(cc1)Cl)Cl)CC(N1CCCC[C@H]1CN1CCCC1)=O
420,BRL52656,1,c1(ccc(cc1)C(F)(F)F)CC(N1[C@@H](CCCC1)CN1CCCC1)=O
422,theophylline,0,CN1C(=O)N(C)c2nc[nH]c2C1=O
425,tolbutamide,0,CCCCNC(=O)N[S](=O)(=O)c1ccc(C)cc1
426,Triamcinolone,0,C[C@]12C[C@H](O)[C@@]3(F)[C@@H](CCC4=CC(=O)C=C[C@]34C)[C@@H]1C[C@@H](O)[C@]2(O)C(=O)CO
428,Trichlormethiazide,0,N[S](=O)(=O)c1cc2c(NC(N[S]2(=O)=O)C(Cl)Cl)cc1Cl
432,Butanone,1,CCC(C)=O
433,Cyclopropane,1,C1CC1
434,Desmethyldesipramine,1,N1(c2c(CCc3c1cccc3)cccc2)CCCN
435,Dichloromethane,1,ClCCl
436,Diethylether,1,CCOCC
437,Divinylether,1,C=COC=C
438,Enflurane,1,FC(F)OC(F)(F)C(F)Cl
439,BRL52974,0,c1(ccc(c(c1)Cl)Cl)CC(N1[C@@H](c2c(CC1)[nH]cn2)CN1CCCC1)=O
440,BRL53087,1,c1(ccc(c(c1)Cl)Cl)CC(N1[C@@H](CN2CCCC2)CC(CC1)(C)C)=O
442,cetirizine,0,OC(=O)COCCN1CCN(CC1)C(c2ccccc2)c3ccc(Cl)cc3
443,ciprofloxacin,0,OC(=O)C1=CN(C2CC2)c3cc(N4CCNCC4)c(F)cc3C1=O
444,cp102,0,c1cn(CCO)c(CC)c(O)c1=O
445,cp107,0,c1cn(CCCCO)c(CC)c(O)c1=O
446,yohimbine,0,COC(=O)[C@H]1[C@@H](O)CC[C@H]2CN3CCc4c([nH]c5ccccc45)[C@@H]3C[C@H]12
447,zidovudine,0,CC1=CN([C@H]2C[C@H](N=[N+]=[N-])[C@@H](CO)O2)C(=O)NC1=O
448,acepromazine,1,CN(C)CCCN1c2ccccc2Sc3ccc(cc13)C(C)=O
449,acetophenazine,1,CC(=O)c1ccc2Sc3ccccc3N(CCCN4CCN(CCO)CC4)c2c1
450,acetozalamide,1,CC(=O)Nc1sc(nn1)[S](N)(=O)=O
451,allobarbital,1,C=CCC1(CC=C)C(=O)NC(=O)NC1=O
452,amantadine,1,[Cl-].NC12CC3CC(CC(C3)C1)C2.[H+]
453,amitriptyline,1,CN(C)CCC=C1c2ccccc2CCc3ccccc13
454,amobarbital,1,CCC1(CCC(C)C)C(=O)NC(=O)NC1=O
455,amphetamine,1,CC(N)Cc1ccccc1
456,Ethanol,1,CCO
457,Ethylbenzene,1,CCc1ccccc1
459,Flunitrazepam,1,CN1C(=O)CN=C(c2ccccc2F)c3cc(ccc13)[N+]([O-])=O
460,Fluroxene,1,FC(F)(F)COC=C
461,Halothane,1,FC(F)(F)C(Cl)Br
462,Heptane,1,CCCCCCC
463,Hexane,1,CCCCCC
464,cp20,1,CN1C=CC(=O)C(=C1C)O
465,cp21,1,CCN1C=CC(=O)C(=C1C)O
466,cp24,1,CCCCN1C=CC(=O)C(=C1C)O
467,cp25,1,CCCCCN1C=CC(=O)C(=C1C)O
468,cp29,1,c1cn(CCCCC)c(C)c(O)c1=O
469,cp41,0,c1cn(CCCO)c(C)c(O)c1=O
470,cp94,1,CCN1C=CC(=O)C(=C1CC)O
472,antipyrine,1,CN1N(C(=O)C=C1C)c2ccccc2
474,arecoline,1,COC(=O)C1=CCCN(C)C1
476,benactyzine,1,[H+].[Cl-].CCN(CC)CCOC(=O)C(O)(c1ccccc1)c2ccccc2
478,benzocaine,1,CCOC(=O)c1ccc(N)cc1
479,benzquinamide,1,CCN(CC)C(=O)C1CN2CCc3cc(OC)c(OC)cc3C2CC1OC(C)=O
482,Hexobarbital,1,CN1C(=O)NC(=O)C(C)(C1=O)C2=CCCCC2
484,Isoflurane,1,FC(F)OC(Cl)C(F)(F)F
485,Methohexital,1,CCC#CC(C)C1(CC=C)C(=O)NC(=O)N(C)C1=O
486,Methoxyflurane,1,COC(F)(F)C(Cl)Cl
488,Nor-1-chlorpromazine,1,N1(c2c(Sc3c1cccc3)ccc(c2)Cl)CCCNC
489,Nor-2-chlorpromazine,1,N1(c2c(Sc3c1cccc3)ccc(c2)Cl)CCCN
490,doxylamine,1,CN(C)CCOC(C)(c1ccccc1)c2ccccn2
491,EMD60400,0,c1ccc([C@H](C[N@]2CC[C@H](C2)O)N(C(Cc2ccccc2N)=O)C)cc1
493,fleroxacin,0,CN1CCN(CC1)c2c(F)cc3C(=O)C(=CN(CCF)c3c2F)C(O)=O
494,GR85571,1,c1(cc(c(cc1)Cl)Cl)CC(N1[C@@H](CN2CCCC2)CN(CC1)C(=O)C)=O
495,GR88377,1,c1(ccc(c(c1)Cl)Cl)CC(N1[C@@H](c2c(CC1)occ2)CN1CCCC1)=O
496,GR89696,1,c1(ccc(c(c1)Cl)Cl)CC(N1[C@H](CN(CC1)C(=O)OC)CN1CCCC1)=O
499,bufotenine,1,CN(C)CCc1c[nH]c2ccc(O)cc12
500,bupropion,1,CC(NC(C)(C)C)C(=O)c1cccc(Cl)c1
501,buramate,1,OCCOC(=O)NCc1ccccc1
502,butabarbital,1,CCC(C)C1(CC)C(=O)NC(=O)NC1=O
503,caffeine,1,Cn1cnc2N(C)C(=O)N(C)C(=O)c12
505,capuride,1,CCC(C)C(CC)C(=O)NC(N)=O
506,carbamazepine,1,NC(=O)N1c2ccccc2C=Cc3ccccc13
508,Org13011,1,C1N(CCN(C1)c1cc(ccn1)C(F)(F)F)CCCCN1C(CCC1)=O
509,Paraxanthine,1,Cn1cnc2NC(=O)N(C)C(=O)c12
510,Pentane,1,CCCCC
511,Propanol,1,CCCO
512,Propanone,1,CC(C)=O
513,GR89696_et,1,c1(ccc(c(c1)Cl)Cl)CC(N1[C@H](CN(CC1)C(=O)OCC)CN1CCCC1)=O
514,GR89696_pr,1,c1(CC(N2[C@H](CN(CC2)C(=O)OCCC)CN2CCCC2)=O)cc(c(cc1)Cl)Cl
515,GR91272,1,c1(ccc(c(c1)Cl)Cl)CC(N1[C@@H](c2c(CC1)occ2)C[N@@]1C[C@@H](CC1)O)=O
516,GR94839,0,c1(ccc(c(c1)Cl)Cl)CC(=O)N1[C@H](CN(C(=O)C)CC1)C[N@@]1C[C@H](O)CC1
517,GR94839_A,0,c1(CC(N2[C@H](CN(CC2)C(=O)C)C[N@]2CC[C@H](C2)O)=O)ccc(C(F)(F)F)cc1
518,GR94839_B,0,c1(ccc(cc1)SC)CC(N1[C@H](CN(CC1)C(=O)C)C[N@]1CC[C@H](C1)O)=O
519,GR94839_C,0,c1(CC(N2[C@H](CN(CC2)C(=O)C)C[N@]2CC[C@H](C2)O)=O)cc(cc(c1)F)F
520,GR94839_D,0,c1(CC(N2[C@H](CN(CC2)C(=O)C)C[N@]2CC[C@H](C2)O)=O)cc(ccc1)OC
521,GR94839_E,0,c1(CC(N2[C@H](CN(CC2)C(=O)C)C[N@]2CC[C@H](O)C2)=O)ccc(N(=O)=O)cc1
522,GR94839_F,0,c1(CC(N2[C@H](CN(CC2)C(=O)C)C[N@]2CC[C@H](C2)O)=O)ccc(OC)cc1
523,carphenazine,1,CCC(=O)c1ccc2Sc3ccccc3N(CCCN4CCN(CCO)CC4)c2c1
524,cartazolate,1,CCCCNc1c(cnc2n(CC)ncc12)C(=O)OCC
526,chloralhydrate,1,OC(O)C(Cl)(Cl)Cl
528,chlorpromazine,1,CN(C)CCCN1c2ccccc2Sc3ccc(Cl)cc13
529,chlorprothixene,1,CN(C)CC\C=C/1c2ccccc2Sc3ccc(Cl)cc13
531,choline,1,C[N+](C)(C)CCO
532,clobazam,1,CN1C(=O)CC(=O)N(c2ccccc2)c3cc(Cl)ccc13
533,RO19-4603,1,CN1Cc2n(cnc2C(=O)OC(C)(C)C)c3ccsc3C1=O
534,SKF101468,1,C1C(Nc2c1c(ccc2)CCN(CCC)CCC)=O
535,SKF89124,1,C1C(Nc2c1c(ccc2O)CCN(CCC)CCC)=O
536,Salicyluricacid,1,OC(=O)CNC(=O)c1ccccc1O
537,Sulforidazine,1,CN1CCCCC1CCN2c3ccccc3Sc4ccc(cc24)[S](C)(=O)=O
538,Teflurane,1,FC(Br)C(F)(F)F
539,Theobromine,1,Cn1cnc2N(C)C(=O)NC(=O)c12
540,Thiopental,0,CCCC(C)C1(CC)C(=O)NC(=S)NC1=O
541,Toluene,1,Cc1ccccc1
542,Triazolam,1,Cc1nnc2CN=C(c3ccccc3Cl)c4cc(Cl)ccc4n12
543,GR94839_G,0,c1(CC(N2[C@H](CN(CC2)C(=O)C)C[N@]2CC[C@H](O)C2)=O)cc(ccc1)N(=O)=O
544,GR94839_H,0,c1(ccccc1)CC(N1[C@H](CN(CC1)C(=O)C)C[N@]1CC[C@H](C1)O)=O
545,GR94839_I,0,c1(CC(N2[C@H](CN(CC2)C(=O)C)C[N@]2CC[C@H](O)C2)=O)ccc([S@](=O)C)cc1
546,GR94839_L,0,c1(CC(N2[C@H](CN(CC2)C(=O)C)C[N@]2CC[C@H](O)C2)=O)ccc(S(=O)(=O)C)cc1
548,ICI199441,1,c1(ccccc1)[C@H](CN1CCCC1)N(C(=O)Cc1ccc(c(c1)Cl)Cl)C
550,Levallorphan,1,Oc1ccc2C[C@@H]3[C@@H]4CCCC[C@]4(CCN3CC=C)c2c1
551,lomefloxacin,0,CCN1C=C(C(O)=O)C(=O)c2cc(F)c(N3CCNC(C)C3)c(F)c12
552,loperamide,0,CN(C)C(=O)C(CCN1CCC(O)(CC1)c2ccc(Cl)cc2)(c3ccccc3)c4ccccc4
553,clomipramine,1,CN(C)CCCN1c2ccccc2CCc3ccc(Cl)cc13
554,clonazepam,1,[O-][N+](=O)c1ccc2NC(=O)CN=C(c3ccccc3Cl)c2c1
555,clopenthixol,1,OCCN1CCN(CC\C=C/2c3ccccc3Sc4ccc(Cl)cc24)CC1
556,clopimozide,1,Fc1ccc(cc1)C(CCCN2CCC(CC2)N3C(=O)Nc4cc(Cl)ccc34)c5ccc(F)cc5
558,codeine,1,COc1ccc2C[C@@H]3[C@@H]4C=C[C@H](O)[C@@H]5Oc1c2[C@]45CCN3C
559,cyclazocine,1,CC1C2Cc3ccc(O)cc3C1(C)CCN2CC4CC4
561,deanol,1,CN(C)CCO
562,demerol,1,[H+].[Cl-].CCOC(=O)C1(CCN(C)CC1)c2ccccc2
563,Trichloroethylene,1,ClC=C(Cl)Cl
564,Trichloromethane,1,ClC(Cl)Cl
565,Y-G14,1,c1c(nccc1)CCNC
566,Y-G15,1,c1c(nccc1)CCN(C)C
567,Y-G16,1,n1c(scc1)CCN
568,Y-G19,0,n1c(scc1c1ccccc1)CCN
569,Y-G20,0,c1c(nc2n1cccc2)CCN
570,m-Xylene,1,Cc1cccc(C)c1
571,loratadine,0,CCOC(=O)N1CCC(CC1)=C2c3ccc(Cl)cc3CCc4cccnc24
573,Nalorphine,1,O[C@H]1C=C[C@H]2[C@H]3Cc4ccc(O)c5O[C@@H]1[C@]2(CCN3CC=C)c45
574,naltrexone,1,Oc1ccc2C[C@H]3N(CC[C@@]45[C@@H](Oc1c24)C(=O)CC[C@@]35O)CC6CC6
575,norfloxacin,0,CCN1C=C(C(O)=O)C(=O)c2cc(F)c(cc12)N3CCNCC3
576,pefloxacin,0,CCN1C=C(C(O)=O)C(=O)c2cc(F)c(cc12)N3CCN(C)CC3
579,deserpidine,1,CO[C@H]1[C@@H](C[C@@H]2CN3CCc4c([nH]c5ccccc45)[C@H]3C[C@@H]2[C@@H]1C(=O)OC)OC(=O)c6cc(OC)c(OC)c(OC)c6
580,desipramine,1,CNCCCN1c2ccccc2CCc3ccccc13
581,diazepam,1,CN1C(=O)CN=C(c2ccccc2)c3cc(Cl)ccc13
582,dihydrocodeine,1,COc1ccc2C[C@@H]3[C@@H]4CC[C@H](O)[C@@H]5Oc1c2[C@]45CCN3C
583,dihydromorphine,1,CN1CCC23C4CCC(O)C2Oc5c(O)ccc(CC14)c35
584,diphenhydramine,1,CN(C)CCOC(c1ccccc1)c2ccccc2
585,diphenhylhydantoin,1,O=C1NC(=O)C(N1)(c2ccccc2)c3ccccc3
586,dixyrazine,1,CC(CN1CCN(CCOCCO)CC1)CN2c3ccccc3Sc4ccccc24
587,DMT,1,COC(=O)c1ccc(cc1)C(=O)OC
588,o-Xylene,1,Cc1ccccc1C
589,p-Xylene,1,Cc1ccc(C)cc1
590,2-propanol,1,CC(C)O
591,Carbamazepineepoxide,1,NC(=O)N1c2ccccc2C3OC3c4ccccc14
592,SB-222200,1,c12c(nc(c(c1C(N[C@@H](CC)c1ccccc1)=O)C)c1ccccc1)cccc2
593,Tertbutylchlorambucil,1,c1cc(ccc1CCCC(OC(C)(C)C)=O)N(CCCl)CCCl
597,RP60180,1,c1ccc2N([C@H](CN3CCCC3)C)c3c(ccc(C(=O)NCCC)c3)Sc2c1
599,salbutamol,0,CC(C)(C)NCC(O)c1ccc(O)c(CO)c1
600,Sankyo,1,c1(ccc(c(c1)Cl)Cl)CC(=O)N1[C@H](C[N@@](C)CC1)CN1CCCC1
601,SB201708,1,c1(ccc(c(c1)Cl)Cl)CC(N1[C@H](CN2CCCC2)c2n(CC1)ccn2)=O
603,SB204459,0,c1(ccc(c(c1)Cl)Cl)CC(N1[C@H](C[N@@]2C[C@@H](CC2)O)c2n(CC1)ccn2)=O
605,SB205563,0,c1(ccc(c(c1)Cl)Cl)CC(N1[C@@H](C[N@@]2C[C@@H](CC2)O)C[N@](CC1)CCO)=O
606,doxepin,1,[H+].[Cl-].CN(C)CC\C=C/1c2ccccc2COc3ccccc13
607,doxylamine succinate,1,CN(C)CCOC(C)(c1ccccc1)c2ccccn2.OC(=O)CCC(O)=O
609,ectylurea,1,CC\C(=C/C)C(=O)NC(N)=O
610,emylcamate,1,CCC(C)(CC)OC(N)=O
611,estazolam,1,Clc1ccc2n3cnnc3CN=C(c4ccccc4)c2c1
612,etaqualone,1,CCc1ccccc1N2C(=Nc3ccccc3C2=O)C
613,etazolate,1,CCOC(=O)c1cnc2n(CC)ncc2c1NN=C(C)C
614,ethchlorvynol,1,CCC(O)(\C=C\Cl)C#C
615,ethinamate,1,NC(=O)OC1(CCCCC1)C#C
617,5-66,1,c1cc(CCNC)ncc1
618,5-67,1,c1cc(CCN(C)C)ncc1
619,5-68,1,s1c(ncc1)CCN
621,7-K06,1,c1ccc2Oc3c(cc(cc3)Cl)[C@@H]3[C@@H](c2c1)C[N@](CC3)C
622,7-K08,1,c1c(Cl)nc(N2CCN(CCCCN3C(CCC3)=O)CC2)cc1C(F)(F)F
623,7-K10,1,c1ccc2Oc3c(cc(cc3)Cl)[C@@H]3[C@@H](c2c1)CNCC3
624,SB205605,0,c1(ccc(c(c1)Cl)Cl)CC(N1[C@H](C[N@@]2C[C@@H](CC2)O)c2c(CC1)[nH]cn2)=O
625,skb_a,1,c1ccc2nc(c(c(C(N[C@@H](CC)c3ccccc3)=O)c2c1)O)c1ccccc1
626,skb_c,1,c1cc2c(C(N[C@@H](CC)c3ccccc3)=O)c(c(nc2cc1)c1ccccc1)OCCCN(C)C
627,skb-d,0,c1cc2c(C(N[C@@H](CC)c3ccccc3)=O)c(c(nc2cc1)c1ccccc1)OCC(O)=O
628,skb-e,0,c1cc2c(C(N[C@@H](CC)c3ccccc3)=O)c(c(c3ccccc3)nc2cc1)OCCCC(O)=O
633,sparfloxacin,0,C[C@H]1CN(C[C@@H](C)N1)c2c(F)c(N)c3C(=O)C(=CN(C4CC4)c3c2F)C(O)=O
635,etymemazine,1,CCc1ccc2Sc3ccccc3N(CC(C)CN(C)C)c2c1
636,flupentixol,1,OCCN1CCN(CC\C=C/2c3ccccc3Sc4ccc(cc24)C(F)(F)F)CC1
637,fluphenazine,1,OCCN1CCN(CCCN2c3ccccc3Sc4ccc(cc24)C(F)(F)F)CC1
638,flurazepam,1,CCN(CC)CCN1C(=O)CN=C(c2ccccc2F)c3cc(Cl)ccc13
640,glutethimide,1,CCC1(CCC(=O)NC1=O)c2ccccc2
641,haloperidol,1,OC1(CCN(CCCC(=O)c2ccc(F)cc2)CC1)c3ccc(Cl)cc3
652,22,1,c1(c(oc(c1C)C(N(C(C)(N)C)C(N)(C)C)(C)C)C)C.C[NH+]O.[OH-]
654,tamitinol,1,CCNCc1c(O)c(C)ncc1CSC
656,terfenadine,0,CC(C)(C)c1ccc(cc1)C(O)CCCN2CCC(CC2)C(O)(c3ccccc3)c4ccccc4
658,heroin,1,CN1CC[C@]23[C@H]4Oc5c(OC(C)=O)ccc(C[C@@H]1[C@@H]2C=C[C@@H]4OC(C)=O)c35
659,hexapropymate,1,NC(=O)OC1(CCCCC1)CC#C
660,homophenazine,1,[H+].[H+].[Cl-].[Cl-].OCCN1CCCN(CCCN2c3ccccc3Sc4cc(ccc24)C(F)(F)F)CC1
661,hydrocodone,1,COc1ccc2C[C@@H]3[C@@H]4CCC(=O)[C@@H]5Oc1c2[C@]45CCN3C
662,hydroxyphenamate,1,CCC(O)(COC(N)=O)c1ccccc1
663,hydroxyzine,1,OCCOCCN1CCN(CC1)C(c2ccccc2)c3ccc(Cl)cc3
664,imipramine,1,CN(C)CCCN1c2ccccc2CCc3ccccc13
667,24,1,C1CN(CCC1)Cc1cccc(c1)OCCCNC(=O)C
668,25,1,C1CN(CCC1)Cc1cccc(c1)OCCCNC(=O)c1ccccc1
669,26,1,C1CN(CCC1)Cc1cccc(c1)OCCCO
673,4,0,c1c(oc(c1)CN(C)C)CSCCNc1nc(c(c[nH]1)Cc1cc2c(cc1)cccc2)=O
677,lenperone,1,Fc1ccc(cc1)C(=O)CCCN2CCC(CC2)C(=O)c3ccc(F)cc3
678,levorphanol,1,CN1CC[C@]23CCCC[C@H]2[C@H]1Cc4ccc(O)cc34
679,lidocaine,1,CCN(CC)CC(=O)Nc1c(C)cccc1C
680,lorazepam,1,OC1N=C(c2ccccc2Cl)c3cc(Cl)ccc3NC1=O
682,meclofenoxate,1,CN(C)CCOC(=O)COc1ccc(Cl)cc1
683,mecloqualone,1,CC1=Nc2ccccc2C(=O)N1c3ccccc3Cl
684,medazepam,1,CN1CCN=C(c2ccccc2)c3cc(Cl)ccc13
685,meprobamate,1,CCCC(C)(COC(N)=O)COC(N)=O
690,Acebutolol,1,CCCC(=O)Nc1ccc(OCC(O)CNC(C)C)c(c1)C(C)=O
691,Aciclovir,1,NC1=NC(=O)c2ncn(COCCO)c2N1
692,Albendazole,1,CCCSc1ccc2nc(NC(=O)OC)[nH]c2c1
693,Amifostine,0,NCCCNCCS[P](O)(O)=O
694,mescaline,1,COc1cc(CCN)cc(OC)c1OC
695,mesoridazine,1,CN1CCCCC1CCN2c3ccccc3Sc4ccc(cc24)[S](C)=O
696,methamphetamine,1,CN[C@@H](C)Cc1ccccc1
697,methaqualone,1,Cc1ccccc1N2C(=Nc3ccccc3C2=O)C
698,methocarbamol,1,COc1ccccc1OCC(O)COC(N)=O
699,methopromazine,1,COc1ccc2Sc3ccccc3N(CCCN(C)C)c2c1
700,methotrimeprazine,1,COc1ccc2Sc3ccccc3N(C[C@H](C)CN(C)C)c2c1
701,methylpentynol,1,CCC(C)(O)C#C
702,methylphenidate,1,COC(=O)C(C1CCCCN1)c2ccccc2
704,Amikacin,1,NCC[C@H](O)C(=O)N[C@@H]1C[C@H](N)[C@@H](O[C@H]2O[C@H](CN)[C@@H](O)[C@H](O)[C@H]2O)[C@H](O)[C@H]1O[C@H]3O[C@H](CO)[C@@H](O)[C@H](N)[C@H]3O
705,Aminosalicylicacid,0,Nc1ccc(C(O)=O)c(O)c1
708,Daunorubicin,0,COc1cccc2C(=O)c3c(O)c4C[C@](O)(C[C@H](O[C@H]5C[C@H](N)[C@H](O)[C@H](C)O5)c4c(O)c3C(=O)c12)C(C)=O
709,Demeclocycline,0,CN(C)[C@H]1[C@@H]2C[C@@H]3[C@H](O)c4c(Cl)ccc(O)c4C(=C3C(=O)[C@]2(O)C(=O)\C(=C(N)/O)C1=O)O
710,Desmethylclobazam,1,Clc1ccc2NC(=O)CC(=O)N(c3ccccc3)c2c1
711,Desmonomethylpromazine,1,CNCCCN1c2ccccc2Sc3ccccc13
713,midazolam maleate,1,Cc1ncc2CN=C(c3ccccc3F)c4cc(Cl)ccc4n12.OC(=O)\C=C/C(O)=O
714,moperone,1,Cc1ccc(cc1)C2(O)CCN(CCCC(=O)c3ccc(F)cc3)CC2
715,morphine,1,CN1CC[C@]23[C@H]4Oc5c(O)ccc(C[C@@H]1[C@@H]2C=CC4O)c35
717,naloxone,1,Oc1ccc2C[C@H]3N(CC[C@@]45[C@@H](Oc1c24)C(=O)CC[C@@]35O)CC=C
719,nitrazepam,1,[O-][N+](=O)c1ccc2NC(=O)CN=C(c3ccccc3)c2c1
720,nordazepam,1,Clc1ccc2NC(=O)CN=C(c3ccccc3)c2c1
721,nortriptyline,1,CNCCC=C1c2ccccc2CCc3ccccc13
722,orphenadrine,1,CN(C)CCOC(c1ccccc1)c2ccccc2C
723,Dextromethorphan,1,COc1ccc2C[C@H]3[C@H]4CCCC[C@@]4(CCN3C)c2c1
725,Disulfiram,1,CCN(CC)C(=S)SSC(=S)N(CC)CC
728,Ethambutol,0,CC[C@@H](CO)NCCN[C@@H](CC)CO
731,adrenaline,0,CNCC(O)c1ccc(O)c(O)c1
735,amdinocillinpivoxil,0,CC(C)(C)C(=O)OCOC(=O)C1N2[C@H](SC1(C)C)[C@H](N=CN3CCCCCC3)C2=O
736,amicycline,0,CN(C)[C@H]1[C@@H]2C[C@@H]3Cc4ccc(N)c(O)c4C(=C3C(=O)[C@]2(O)C(=O)\C(=C(N)/O)C1=O)O
737,amrubicin,0,[Cl-].CC(=O)[C@@]1(N)C[C@H](O[C@H]2C[C@H](O)[C@H](O)CO2)c3c(O)c4C(=O)c5ccccc5C(=O)c4c(O)c3C1.[H+]
739,apicycline,0,CN(C)[C@H]1[C@@H]2C[C@H]3C(=C(O)c4c(O)cccc4[C@@]3(C)O)C(=O)[C@]2(O)C(=O)\C(=C(/O)NC(N5CCN(CCO)CC5)C(O)=O)C1=O
741,arbekacin,0,NCC[C@H](O)C(=O)N[C@@H]1C[C@H](N)[C@@H](O[C@H]2O[C@H](CN)CC[C@H]2N)[C@H](O)[C@H]1O[C@H]3O[C@H](CO)[C@@H](O)[C@H](N)[C@H]3O
742,aspoxicillin,0,CNC(=O)C[C@@H](N)C(=O)N[C@@H](C(=O)N[C@H]1[C@H]2SC(C)(C)[C@@H](N2C1=O)C(O)=O)c3ccc(O)cc3
744,aztreonam,0,C[C@H]1[C@H](NC(=O)C(=N/OC(C)(C)C(O)=O)\c2csc([NH3+])n2)C(=O)N1[S]([O-])(=O)=O
745,bacmecillinam,0,CCOC(=O)OC(C)OC(=O)[C@@H]1N2[C@H](SC1(C)C)[C@H](N=CN3CCCCCC3)C2=O
746,bekanamycin,0,NCC1OC(OC2C(N)CC(N)C(OC3OC(CO)C(O)C(N)C3O)C2O)C(N)C(O)C1O
747,benserazide,0,NC(CO)C(=O)NNCc1ccc(O)c(O)c1O
749,berythromycin,0,CC[C@H]1OC(=O)[C@H](C)[C@@H](OC2CC(C)(OC)C(O)C(C)O2)C(C)[C@@H](OC3OC(C)CC(C3O)N(C)C)[C@](C)(O)C[C@@H](C)C(=O)[C@H](C)[C@@H](O)[C@H]1C
750,butikacin,0,NCCC(O)CNC1CC(N)C(OC2OC(CN)C(O)C(O)C2O)C(O)C1OC3OC(CO)C(O)C(N)C3O
751,carbuterol,0,CC(C)(C)NCC(O)c1ccc(O)c(NC(N)=O)c1
754,carubicin,0,CC1OC(CC(N)C1O)OC2C[C@@](O)(Cc3c(O)c4C(=O)c5cccc(O)c5C(=O)c4c(O)c23)C(C)=O
755,carumonam,0,NC(=O)OCC1[C@H](NC(=O)C(=N/OCC(O)=O)\c2csc(N)n2)C(=O)N1[S](O)(=O)=O
756,cefaclor,0,N[C@@H](C(=O)N[C@H]1[C@H]2SCC(=C(N2C1=O)C(O)=O)Cl)c3ccccc3
757,cefadroxil,0,CC1=C(N2[C@H](SC1)[C@H](NC(=O)[C@H](N)c3ccc(O)cc3)C2=O)C(O)=O
758,cefalexin,0,CC1=C(N2[C@H](SC1)[C@H](NC(=O)[C@H](N)c3ccccc3)C2=O)C(O)=O
759,cefaloram,0,CC(=O)OCC1=C(N2[C@H](SC1)[C@H](NC(=O)Cc3ccccc3)C2=O)C(O)=O
760,cefaparole,0,Cc1sc(SCC2=C(N3[C@H](SC2)[C@H](NC(=O)C(N)c4ccc(O)cc4)C3=O)C(O)=O)nn1
762,cefazaflur,0,[Na+].Cn1nnnc1SCC2=C(N3[C@H](SC2)[C@H](NC(=O)CSC(F)(F)F)C3=O)C([O-])=O
764,cefcanel,0,Cc1sc(SCC2=C(N3[C@H](SC2)[C@H](NC(=O)[C@H](O)c4ccccc4)C3=O)C(O)=O)nn1
766,cefcapene,0,CC/C=C(C(=O)N[C@H]1[C@H]2SCC(=C(N2C1=O)C(O)=O)COC(N)=O)/c3csc(N)n3
767,cefdaloxime,0,COCC1=C(N2[C@H](SC1)[C@H](NC(=O)C(=N\O)/c3csc(N)n3)C2=O)C(O)=O
768,cefdinir,0,Nc1scc(n1)\C(=N\O)C(=O)N[C@H]2[C@H]3SCC(=C(N3C2=O)C(O)=O)C=C
770,cefedrolor,0,CC1=C(N2[C@H](SC1)[C@H](NC(=O)[C@H](N)c3ccc(O)c(Cl)c3)C2=O)C(O)=O
771,cefetamet,0,CO/N=C(C(=O)N[C@H]1[C@H]2SCC(=C(N2C1=O)C(O)=O)C)/c3csc(N)n3
773,cefivitril,0,Cn1nnnc1SCC2=C(N3[C@H](SC2)[C@H](NC(=O)CS\C=C/C#N)C3=O)C(O)=O
774,cefixime,0,Nc1scc(n1)\C(=N\OCC(O)=O)C(=O)N[C@H]2[C@H]3SCC(=C(N3C2=O)C(O)=O)C=C
776,cefmetazole,0,CO[C@]1(NC(=O)CSCC#N)[C@H]2SCC(=C(N2C1=O)C(O)=O)CSc3nnnn3C
777,cefminox,0,CO[C@]1(NC(=O)CSC[C@@H](N)C(O)=O)[C@H]2SCC(=C(N2C1=O)C(O)=O)CSc3nnnn3C
779,cefonicid,0,OC(C(=O)N[C@H]1[C@H]2SCC(=C(N2C1=O)C(O)=O)CSc3nnnn3C[S](O)(=O)=O)c4ccccc4
780,ceforanide,0,NCc1ccccc1CC(=O)N[C@H]2[C@H]3SCC(=C(N3C2=O)C(O)=O)CSc4nnnn4CC(O)=O
785,cefpodoxime,0,[Na+].COCC1=C(N2[C@H](SC1)[C@H](NC(=O)C(=N/OC)\c3csc(N)n3)C2=O)C([O-])=O
786,cefprozil,0,O.C/C=C/C1=C(N2[C@H](SC1)[C@H](NC(=O)[C@H](N)c3ccc(O)cc3)C2=O)C(O)=O
789,cefsumide,0,CC1=C(N2[C@H](SC1)[C@H](NC(=O)[C@H](N)c3cccc(N[S](C)(=O)=O)c3)C2=O)C(O)=O
791,ceftezole,0,OC(=O)C1=C(CS[C@@H]2[C@H](NC(=O)Cn3cnnn3)C(=O)N12)CSc4scnn4
792,ceftibuten,0,O.O.Nc1scc(n1)\C(=C\CC(O)=O)C(=O)N[C@H]2[C@H]3SCC=C(N3C2=O)C(O)=O
796,ceftizoxime,0,CO/N=C(C(=O)N[C@H]1[C@H]2SCC=C(N2C1=O)C(O)=O)/c3csc(N)n3
797,cefuracetime,0,CO/N=C(C(=O)N[C@H]1[C@H]2SCC(=C(N2C1=O)C(O)=O)COC(C)=O)/c3occc3
798,cefuroxime-axetil,0,CO/N=C(C(=O)N[C@H]1[C@H]2SCC(=C(N2C1=O)C(=O)OC(C)OC(C)=O)COC(N)=O)/c3occc3
799,cefuroxime-pivoxetil,0,COCCCC(=O)OC(C)OC(=O)C1=C(COC(N)=O)CS[C@@H]2[C@H](NC(=O)C(=N/OC)\c3occc3)C(=O)N12
801,cephacetrile,0,[Na+].CC(=O)OCC1=C(N2[C@@H](SC1)[C@@H](NC(=O)CC#N)C2=O)C([O-])=O
802,cephaloglycin,0,O.O.CC(=O)OCC1=C(N2[C@H](SC1)[C@H](NC(=O)[C@H](N)c3ccccc3)C2=O)C(O)=O
803,cephalosporin-c,0,CC(=O)OCC1=C(N2[C@H](SC1)[C@H](NC(=O)CCC[C@@H](N)C(O)=O)C2=O)C(O)=O
804,cephalothin,0,CC(=O)OCC1=C(N2[C@H](SC1)[C@H](NC(=O)Cc3sccc3)C2=O)C(O)=O
806,clarithromycin,0,CC[C@H]1OC(=O)[C@H](C)[C@@H](O[C@H]2C[C@@](C)(OC)[C@@H](O)[C@H](C)O2)[C@H](C)[C@@H](O[C@@H]3O[C@H](C)C[C@@H]([C@H]3O)N(C)C)[C@@](C)(C[C@@H](C)C(=O)[C@H](C)[C@@H](O)[C@]1(C)O)OC
807,clindamycin,0,CCC[C@@H]1C[C@H](N(C)C1)C(=O)NC(C(C)Cl)[C@H]2O[C@H](SC)[C@H](O)[C@@H](O)[C@H]2O
808,clindamycin-phosphate,0,CCC[C@@H]1C[C@H](N(C)C1)C(=O)NC(C(C)Cl)[C@H]2O[C@H](SC)[C@H](O[P](O)(O)=O)[C@@H](O)[C@H]2O
809,clometocillin,0,COC(C(=O)N[C@H]1[C@H]2SC(C)(C)[C@@H](N2C1=O)C(O)=O)c3ccc(Cl)c(Cl)c3
810,clomocycline,0,CN(C)[C@H]1[C@@H]2C[C@H]3C(=C(O)c4c(O)ccc(Cl)c4[C@@]3(C)O)C(=O)[C@]2(O)C(=O)\C(=C(/O)NCO)C1=O
814,demecycline,0,CN(C)[C@H]1[C@@H]2C[C@@H]3[C@H](O)c4cccc(O)c4C(=C3C(=O)[C@]2(O)C(=O)\C(=C(N)/O)C1=O)O
815,detorubicin,0,CCOC(OCC)C(=O)OCC(=O)C1(O)CC(OC2CC(N)C(O)C(C)O2)c3c(O)c4C(=O)c5c(OC)cccc5C(=O)c4c(O)c3C1
816,dibekacin,0,NCC1CCC(N)C(O1)OC2C(N)CC(N)C(OC3OC(CO)C(O)C(N)C3O)C2O
817,dicloxacillin,0,Cc1onc(c1C(=O)N[C@H]2[C@H]3SC(C)(C)[C@@H](N3C2=O)C(O)=O)c4c(Cl)cccc4Cl
818,dihydrostreptomycin,0,CN[C@H]1[C@H](O)[C@@H](O)[C@H](CO)O[C@H]1O[C@H]2[C@@H](O[C@@H](C)[C@]2(O)CO)O[C@@H]3[C@@H](O)[C@H](O)[C@@H](N=C(N)N)[C@H](O)[C@H]3N=C(N)N
820,dipivefrin,0,CNCC(O)c1ccc(OC(=O)C(C)(C)C)c(OC(=O)C(C)(C)C)c1
821,diproleandomycin,0,CCC(=O)O[C@H]1[C@@H](C)[C@@H](C)OC(=O)C(C)[C@@H](O[C@H]2C[C@H](OC)[C@@H](OC(=O)CC)[C@H](C)O2)[C@H](C)[C@@H](O[C@@H]3O[C@H](C)C[C@@H]([C@H]3O)N(C)C)C(C)C[C@@]4(CO4)C(=O)[C@@H]1C
829,esorubicin,0,COc1cccc2C(=O)c3c(O)c4C[C@@](O)(C[C@@H](OC5CC(N)CC(C)O5)c4c(O)c3C(=O)c12)C(=O)CO
831,etilefrine,0,CCNCC(O)c1cccc(O)c1
832,felodipine,0,CCOC(=O)C1=C(C)NC(=C(C1c2cccc(Cl)c2Cl)C(=O)OC)C
834,fenoxazoline,0,CC(C)c1ccccc1OCC2=NCCN2
835,fexofenadine,0,CC(C)(C(O)=O)c1ccc(cc1)C(O)CCCN2CCC(CC2)C(O)(c3ccccc3)c4ccccc4
838,flurithromycin,0,CC[C@H]1OC(=O)[C@H](C)[C@@H](O[C@H]2C[C@@](C)(OC)[C@@H](O)[C@H](C)O2)[C@H](C)[C@@H](O[C@@H]3O[C@H](C)C[C@@H]([C@H]3O)N(C)C)[C@](C)(O)C[C@](C)(F)C(=O)[C@H](C)[C@@H](O)[C@]1(C)O
843,gentamicin,0,CNC(C)C1CCC(N)C(O1)OC2C(N)CC(N)C(OC3OCC(C)(O)C(NC)C3O)C2O
844,gloximonam,0,CO/N=C(C(=O)N[C@H]1[C@H](C)N(OCC(=O)OCC(=O)OC(C)(C)C)C1=O)/c2csc(N)n2
846,grepafloxacin,0,CC1CN(CCN1)c2cc3N(C=C(C(O)=O)C(=O)c3c(C)c2F)C4CC4
847,guamecycline,0,CN(C)C1C2CC3C(=C(O)c4c(O)cccc4C3(C)O)C(=O)C2(O)C(=O)\C(=C(/O)NCN5CCN(CC5)C(=N)N=C(N)N)C1=O
848,hetacillin,0,CC1(C)N[C@@H](C(=O)N1[C@H]2[C@H]3SC(C)(C)[C@@H](N3C2=O)C(O)=O)c4ccccc4
849,hydroxyamphetamine,0,CC(Cc1ccccc1)NO
850,hydroxyephedrine,0,CNC(C)C(O)c1ccc(O)cc1
852,idarubicin,0,C[C@@H]1O[C@H](C[C@H](N)[C@@H]1O)O[C@H]2C[C@@](O)(Cc3c(O)c4C(=O)c5ccccc5C(=O)c4c(O)c23)C(C)=O
854,isepamicin,0,CNC1C(O)C(OCC1(C)O)OC2C(O)C(OC3OC(CN)C(O)C(O)C3O)C(N)CC2NC(=O)C(O)CN
855,isopropicillin,0,CC1(C)S[C@@H]2[C@H](NC(=O)C(C)(C)Oc3ccccc3)C(=O)N2[C@H]1C(O)=O
856,josamycin,0,CO[C@H]1[C@@H](CC(=O)O[C@H](C)C/C=C/C=C/[C@H](O)[C@H](C)C[C@H](CC=O)[C@@H]1O[C@@H]2O[C@H](C)[C@@H](O[C@H]3C[C@@](C)(O)[C@@H](OC(=O)CC(C)C)[C@H](C)O3)[C@@H]([C@H]2O)N(C)C)OC(C)=O
858,lenapenem,0,CNCC[C@@H](O)[C@@H]1C[C@@H](CN1)SC2=C(N3[C@H]([C@H]2C)[C@@H]([C@@H](C)O)C3=O)C(O)=O
859,leurubicin,0,COc1cccc2C(=O)c3c(O)c4C[C@](O)(C[C@H](O[C@H]5C[C@H](NC(=O)[C@@H](N)CC(C)C)[C@H](O)[C@H](C)O5)c4c(O)c3C(=O)c12)C(=O)CO
860,lexithromycin,0,CC[C@H]1OC(=O)[C@H](C)[C@@H](OC2CC(C)(OC)C(O)C(C)O2)C(C)[C@@H](OC3OC(C)CC(C3O)N(C)C)[C@](C)(O)C[C@@H](C)\C(=N/OC)[C@H](C)[C@@H](O)[C@]1(C)O
861,lincomycin,0,CCCC1CC(N(C)C1)C(=O)NC(C(C)O)C2OC(SC)C(O)C(O)C2O
864,lymecycline,0,[Cl-].CN(C)[C@H]1[C@@H]2C[C@H]3C(=C(O)c4c(O)ccc(Cl)c4[C@@]3(C)O)C(=O)[C@]2(O)C(=O)\C(=C(N)\O)C1=O.[H+]
865,mecillinam,0,CC1(C)S[C@@H]2[C@H](N=CN3CCCCCC3)C(=O)N2[C@H]1C(O)=O
866,mecloxamine,0,CC(CN(C)C)OC(C)(c1ccccc1)c2ccc(Cl)cc2
867,medorubicin,0,CC1OC(CC(N)C1O)OC2CC(O)(Cc3c(O)c4C(=O)c5ccccc5C(=O)c4c(O)c23)C(=O)CO
868,meropenem,0,O.O.O.C[C@H](O)C1C2[C@@H](C)C(=C(N2C1=O)C(O)=O)S[C@@H]3CN[C@@H](C3)C(=O)N(C)C
869,metampicillin,0,CC1(C)SC2C(NC(=O)C(N=C)c3ccccc3)C(=O)N2C1C(O)=O
870,methacycline,0,CN(C)[C@H]1[C@@H]2[C@@H](O)[C@@H]3C(=C)c4cccc(O)c4C(=C3C(=O)[C@]2(O)C(=O)\C(=C(N)/O)C1=O)O
871,methoxyphedrine,0,CNC(C)C(=O)c1ccc(OC)cc1
875,midecamycin,0,CCC(=O)OC1CC(=O)OC(C)C\C=C\C=C/C(O)C(C)CC(CC=O)C(O[C@@H]2O[C@H](C)[C@@H](O[C@H]3C[C@@](C)(O)[C@H](OC(=O)CC)[C@@H](C)O3)[C@@H]([C@H]2O)N(C)C)C1OC
876,mikamycin,0,CCC1NC(=O)C(NC(=O)c2ncccc2O)C(C)OC(=O)C(NC(=O)C3CC(=O)CCN3C(=O)C(Cc4ccc(cc4)N(C)C)N(C)C(=O)C5CCCN5C1=O)c6ccccc6
877,mirincamycin,0,CCCCCC1CNC(C1)C(=O)NC(C(C)Cl)C2OC(SC)C(O)C(O)C2O
881,netilmicin,0,CCN[C@@H]1C[C@H](N)[C@@H](O[C@H]2OC(=CC[C@H]2N)CN)[C@H](O)[C@H]1O[C@H]3OC[C@](C)(O)[C@H](NC)[C@H]3O
883,nifedipine,0,COC(=O)C1=C(C)NC(=C(C1c2ccccc2[N+]([O-])=O)C(=O)OC)C
884,nitrendipine,0,CCOC(=O)C1=C(C)NC(=C(C1c2cccc(c2)[N+]([O-])=O)C(=O)OC)C
885,nitrocycline,0,CN(C)[C@H]1[C@@H]2C[C@@H]3Cc4c(ccc(O)c4C(=C3C(=O)[C@]2(O)C(=O)\C(=C(N)/O)C1=O)O)[N+]([O-])=O
887,oleandomycin,0,COC1CC(OC(C)C1O)O[C@H]2[C@H](C)[C@@H](OC3OC(C)CC(C3O)N(C)C)[C@@H](C)C[C@]4(CO4)C(=O)[C@H](C)[C@@H](O)[C@@H](C)[C@@H](C)OC(=O)[C@@H]2C
889,oximonam,0,CO\N=C(C(=O)NC1[C@H](C)N(OCC(O)=O)C1=O)\c2csc(N)n2
892,penamecillin,0,CC(=O)OCOC(=O)C1N2C(SC1(C)C)C(NC(=O)Cc3ccccc3)C2=O
893,penicillin,0,[Na].CC1(C)SC2C(NC(=O)Cc3ccccc3)C(=O)N2C1C(O)=O
895,phenethicillin,0,CC(Oc1ccccc1)C(=O)NC2C3SC(C)(C)C(N3C2=O)C(O)=O
896,pipacycline,0,CN(C)C1C2CC3C(=C(O)c4c(O)cccc4C3(C)O)C(=O)C2(O)C(=O)\C(=C(/O)NCN5CCN(CCO)CC5)C1=O
901,pivampicillin,0,CC(C)(C)C(=O)OCOC(=O)[C@@H]1N2[C@H](SC1(C)C)[C@H](NC(=O)[C@H](N)c3ccccc3)C2=O
902,pivenfrine,0,CNCC(O)c1cccc(OC(=O)C(C)(C)C)c1
904,pristinamycin-ic,0,CC1OC(=O)C(NC(=O)C2CC(=O)CCN2C(=O)C(Cc3ccc(cc3)N(C)C)N(C)C(=O)C4CCCN4C(=O)C(C)NC(=O)C1NC(=O)c5ncccc5O)c6ccccc6
906,propicillin,0,CCC(Oc1ccccc1)C(=O)NC2C3SC(C)(C)C(N3C2=O)C(O)=O
907,propikacin,0,NCC1OC(OC2C(N)CC(NC(CO)CO)C(OC3OC(CO)C(O)C(N)C3O)C2O)C(N)C(O)C1O
910,rifametane,0,CCN(CC)C(C)=NN=Cc1c(O)c2c3C(=O)C4(C)OC=CC(OC)C(C)C(OC(C)=O)C(C)C(O)C(C)C(O)C(C)C=CC=C(C)C(=O)Nc1c(O)c2c(O)c(C)c3O4
912,rifamide,0,CCN(CC)C(=O)COc1cc2NC(=O)C(=C\C=C\[C@H](C)[C@H](O)[C@@H](C)[C@@H](O)[C@@H](C)[C@H](OC(C)=O)[C@H](C)[C@@H](OC)/C=C/O[C@@]3(C)Oc4c(C)c(O)c(c2O)c1c4C3=O)/C
914,rifamycin,0,CO[C@H]1/C=C/O[C@@]2(C)Oc3c(C)c(O)c4c(O)c(NC(=O)C(=C\C=C\[C@H](C)[C@H](O)[C@@H](C)[C@@H](O)[C@@H](C)[C@H](OC(C)=O)[C@@H]1C)/C)cc(O)c4c3C2=O
920,roxithromycin,0,CC[C@H]1OC(=O)[C@H](C)[C@@H](O[C@H]2C[C@@](C)(OC)[C@@H](O)[C@H](C)O2)[C@H](C)[C@@H](O[C@@H]3O[C@H](C)C[C@@H]([C@H]3O)N(C)C)[C@](C)(O)C[C@@H](C)\C(=N\OCOCCOC)[C@H](C)[C@@H](O)[C@]1(C)O
922,sarmoxicillin,0,COCOC(=O)C1N2C(SC1(C)C)C(N3C(=O)C(NC3(C)C)c4ccc(O)cc4)C2=O
923,sarpicillin,0,COCOC(=O)[C@@H]1N2[C@H](SC1(C)C)[C@H](N3C(=O)C(NC3(C)C)c4ccccc4)C2=O
925,sisomicin,0,CN[C@@H]1[C@@H](O)[C@H](OC[C@]1(C)O)O[C@H]2[C@H](N)C[C@H](N)[C@@H](O[C@H]3OC(=CC[C@H]3N)CN)[C@@H]2O
927,sulbenicillin,0,CC1(C)S[C@@H]2[C@H](NC(=O)C(c3ccccc3)[S](O)(=O)=O)C(=O)N2[C@H]1C(O)=O
930,suncillin,0,[Na+].[Na+].CC1(C)S[C@@H]2[C@H](NC(=O)[C@H](N[S]([O-])(=O)=O)c3ccccc3)C(=O)N2[C@H]1C([O-])=O
935,temocillin,0,CO[C@]1(NC(=O)C(C(O)=O)c2cscc2)[C@H]3SC(C)(C)[C@@H](N3C1=O)C(O)=O
936,theodrenaline,0,CN1C(=O)N(C)c2ncn(CCNCC(O)c3ccc(O)c(O)c3)c2C1=O
938,tigemonam,0,CC1(C)[C@H](NC(=O)C(=N\OCC(O)=O)/c2csc(N)n2)C(=O)N1O[S](O)(=O)=O
940,tobramycin,0,NC[C@H]1O[C@H](O[C@@H]2[C@@H](N)C[C@@H](N)[C@H](O[C@H]3O[C@H](CO)[C@@H](O)[C@H](N)[C@H]3O)[C@H]2O)[C@H](N)C[C@@H]1O
941,tolcapone,0,Cc1ccc(cc1)C(=O)c2cc(O)c(O)c(c2)[N+]([O-])=O
942,troleandomycin,0,CO[C@H]1C[C@@H](O[C@@H](C)[C@@H]1OC(C)=O)O[C@H]2[C@H](C)[C@@H](O[C@@H]3O[C@H](C)C[C@@H]([C@H]3OC(C)=O)N(C)C)[C@@H](C)C[C@@]4(CO4)C(=O)[C@H](C)[C@@H](OC(C)=O)[C@@H](C)[C@@H](C)OC(=O)[C@@H]2C
944,tymazoline,0,CC(C)c1ccc(C)cc1OCC2=NCCN2
945,vindesine,0,CC[C@]1(O)C[C@H]2CN(CCc3c([nH]c4ccccc34)[C@@](C2)(C(=O)OC)c5cc6c(cc5OC)N(C)[C@H]7[C@](O)([C@H](O)[C@]8(CC)C=CCN9CC[C@]67[C@H]89)C(N)=O)C1
949,cryofluorane,1,ClC(C(F)(F)Cl)(F)F
951,fenetylline,1,[H+].C1=NC3=C([N]1CCNC(CC2=CC=CC=C2)C)C(=O)N(C(=O)N3C)C.[Cl-]
952,acaprazine,1,C1=C(Cl)C=CC(=C1N2CCN(CCCNC(C)=O)CC2)Cl
953,acebrochol,1,[C@]34([C@H]([C@H]2[C@@H]([C@@]1(C([C@@H](C(CC1)OC(C)=O)Br)[C@@H](C2)Br)C)CC3)CC[C@@H]4[C@@H](CCCC(C)C)C)C
954,acecarbromal,1,C(C(C(NC(NC(C)=O)=O)=O)(CC)Br)C
956,aceglutamide,1,C(C(NC(C)=O)C(O)=O)CC(N)=O
957,aceperone,1,C1=CC=CC=C1C3(CCN(CCCC(C2=CC=C(F)C=C2)=O)CC3)CNC(C)=O
958,acetaminosalol,1,C2=C(C(OC1=CC=C(C=C1)NC(C)=O)=O)C(=CC=C2)O
959,acetazolamide,1,CC(NC1=NN=C(S1)[S](N)(=O)=O)=O
962,acetorphine,1,[C@H]23OC1=C(OC(=O)C)C=CC6=C1C25C4(C[C@@H](C3(OC)C=C4)[C@](O)(CCC)C)C(N(CC5)C)C6
963,acetylmethadol/levacetylmethadol/alphacetylmethadol/betacetylmethadol,1,C2=C(C(C1=CC=CC=C1)(C(OC(=O)C)CC)CC(N(C)C)C)C=CC=C2
964,acevaltrate,1,[C@]12(OC1)[C@@H]3C(=C[C@@H]2OC(=O)CC(OC(=O)C)(C)C)C(=CO[C@H]3OC(=O)CC(C)C)COC(=O)C
965,acrocinonide,1,[C@]12(OC(O[C@@H]1CC3C2(CC(O)C4(F)C3CCC5=CC(=O)C=CC45C)C)C=C)C(=O)CO
966,acyclovir/aciclovir,1,C1=NC2=C([N]1COCCO)NC(=NC2=O)N
969,alaproclate,1,C1=CC(=CC=C1CC(OC(C(C)N)=O)(C)C)Cl
970,alclometasone-dipropionate,1,[C@@]4([C@@]3([C@H]([C@H]2[C@@H]([C@@]1(C(=CC(=O)C=C1)C[C@H]2Cl)C)[C@H](C3)O)C[C@H]4C)C)(C(COC(CC)=O)=O)OC(CC)=O
972,alfadolone,1,[C@@H]12C4([C@@H](CCC1[C@H]3C(CC2=O)(C(CC3)C(=O)CO)C)C[C@H](O)CC4)C
973,alfaxalone/renanolone,1,[C@@H]23[C@H]([C@H]1[C@]([C@@H](C(C)=O)CC1)(C)CC2=O)CC[C@@H]4[C@@]3(CC[C@H](C4)O)C
974,algestone-acetonide,1,CC14C5(C(CC1C3C(C2(C(=CC(=O)CC2)CC3)C)CC4)OC(O5)(C)C)C(C)=O
975,aliflurane,1,COC1(C(F)(F)C1(F)Cl)F
976,alletorphine,1,[C@@](O)(C5C6(OC)C2OC1=C(O)C=CC4=C1C23C(C(N(CC3)CC=C)C4)(C5)C=C6)(CCC)C
977,allomethadione,1,C(N1C(C(C)OC1=O)=O)C=C
978,almoxatone,1,[C@H]3(CN(C2=CC=C(OCC1=CC=CC(=C1)Cl)C=C2)C(O3)=O)CNC
982,alozafone,1,C1=C(C(=CC=C1Cl)N(C(CN(C(CC#N)C)C)=O)C)C(C2=C(C=CC=C2)F)=O
983,alphameprodine/betameprodine,1,[C@]2(C1=CC=CC=C1)([C@H](CN(C)CC2)CC)OC(CC)=O
984,alphamethadol,1,[C@H](C(C1=CC=CC=C1)(C2=CC=CC=C2)C[C@H](N(C)C)C)(CC)O
985,alpiropride,1,C1=C(C(=CC(=C1[S](NC)(=O)=O)N)OC)C(NCC2N(CCC2)CC=C)=O
987,amcinafal,1,[C@H]23C([C@@]1(OC(O[C@@H]1C2)(CC)CC)C(=O)CO)(C[C@H](O)[C@@]4(F)C3CCC5=CC(=O)C=CC45C)C
990,amelometasone,1,[C@H]12[C@@]([C@](OC(=O)CC)([C@H](C1)C)C(=O)COC)(C[C@H](O)[C@@]3(F)[C@H]2CCC4=CC(=O)C=C[C@]34C)C
993,amfetaminil,1,C2=C(C(NC(CC1=CC=CC=C1)C)C#N)C=CC=C2
994,amineptine,1,C3=C2C([NH2+]CCCCCCC(O)=O)C1=CC=CC=C1CCC2=CC=C3.[Cl-]
995,amisulpride,1,C1=C([S](CC)(=O)=O)C(=CC(=C1C(NCC2N(CCC2)CC)=O)OC)N
996,amitriptylinoxide,1,C1=CC=CC2=C1C(C3=C(CC2)C=CC=C3)=CCC[N+](C)(C)[O-]
997,amixetrine,1,C1=CC=CC=C1C(CN2CCCC2)OCCC(C)C
1000,ampyzine,1,CN(C)c1cnccn1
1001,amylene-hydrate,1,C(C(C)(C)O)C
1005,apadoline,1,[C@H](N1C3=C(SC2=C1C=CC=C2)C=CC(=C3)C(=O)NCCC)(CN4CCCC4)C
1006,aprobarbital,1,C(C1(C(NC(=O)NC1=O)=O)C(C)C)C=C
1009,aspirin,1,C1=CC=CC(=C1C(O)=O)OC(C)=O
1011,atromepine,1,C1=CC=CC=C1C(C(OC2CC3N(C)C(C2)CC3)=O)(CO)C
1012,atropine-oxide,1,C1=CC=CC=C1C(C(OC2CC3[N+](C(C2)CC3)(C)[O-])=O)CO
1013,avizafone,1,[C@@H](C(NCC(N(C1=CC=C(C=C1C(C2=CC=CC=C2)=O)Cl)C)=O)=O)(CCCCN)N
1024,barbital,1,C(C1(C(NC(=O)NC1=O)=O)CC)C
1026,beclamide,1,C1=CC=CC=C1CNC(CCCl)=O
1027,beclomethasone/beclometasone,1,[C@]23([C@H]([C@H]1[C@]([C@](C(CO)=O)(O)[C@H](C1)C)(C)C[C@@H]2O)CCC4=CC(=O)C=C[C@]34C)Cl
1028,befloxatone,1,[C@@H]2(CN(C1=CC=C(C=C1)OCC[C@H](C(F)(F)F)O)C(O2)=O)COC
1031,benorilate,1,C1=CC=CC(=C1C(OC2=CC=C(NC(C)=O)C=C2)=O)OC(C)=O
1034,benzaprinoxide,1,C1=CC=C(Cl)C3=C1\C(C2=CC=CC=C2C=C3)=C/CC[N+]([O-])(C)C
1036,benzyl-alcohol,1,C(C1=CC=CC=C1)O
1037,berupipam,1,[C@@H]4(C1=C2C(=CC(=C1)Br)CCO2)C3=C(C=C(Cl)C(=C3)O)CCN(C4)C
1040,betamethasone-benzoate,1,[C@]14([C@@]([C@@H](C)C[C@H]1[C@H]3[C@]([C@@]2(C(=CC(=O)C=C2)CC3)C)(F)[C@H](C4)O)(OC(CCCC)=O)C(CO)=O)C
1046,bisorcic,1,[C@H](CCCNC(C)=O)(C(O)=O)NC(C)=O
1048,bremazocine,1,[C@@]23(C([C@H](N(CC1(CC1)O)CC2)CC4=C3C=C(C=C4)O)(C)C)CC
1050,bromisoval,1,CC(C(C(NC(N)=O)=O)Br)C
1051,bromoform,1,C(Br)(Br)Br
1052,brosotamide,1,C1=C(C(=C(C=C1Br)C)O)C(N)=O
1053,brosuximide,1,C2=C(C1C(NC(C1)=O)=O)C=CC=C2Br
1054,brotizolam,1,C1=C(Br)SC2=C1C(=NCC3=NN=C([N]23)C)C4=C(C=CC=C4)Cl
1055,buciclovir,1,[C@@H](CC[N]2C1=C(C(N=C(N1)N)=O)N=C2)(CO)O
1056,butacetin,1,C1=C(C=CC(=C1)NC(C)=O)OC(C)(C)C
1057,butaclamol,1,[C@]1(O)(C[C@@H]4N(CC1)C[C@@H]2C5=C(CCC3=CC=CC=C23)C=CC=C45)C(C)(C)C.[H+].[Cl-]
1058,butaperazine,1,C1=C(C(CCC)=O)C=CC3=C1N(C2=C(C=CC=C2)S3)CCCN4CCN(C)CC4
1059,butoctamide,1,C(C(CCCC)CC)NC(CC(C)O)=O
1061,cabergoline,1,[C@@H]34C1=CC=CC2=C1C(=C[NH]2)C[C@H]3N(C[C@@H](C4)C(N(C(NCC)=O)CCCN(C)C)=O)CC=C
1062,cafedrine,1,C1=NC3=C([N]1CCNC(C(C2=CC=CC=C2)O)C)C(N(C)C(N3C)=O)=O
1063,camazepam,1,C1=C(Cl)C=CC2=C1C(=NC(OC(N(C)C)=O)C(N2C)=O)C3=CC=CC=C3
1065,caproxamine,1,C1=C(C(=CC=C1C(/CCCCC)=N\OCCN)C)N
1066,captodiame,1,C1=CC(=CC=C1C(C2=CC=CC=C2)SCCN(C)C)SCCCC
1067,carbubarb,1,C(C1(C(NC(=O)NC1=O)=O)CCCC)COC(N)=O
1069,carfimate,1,C1=C(C(OC(N)=O)C#C)C=CC=C1
1072,carperone,1,C2=C(C(CCCN1CCC(OC(NC(C)C)=O)CC1)=O)C=CC(=C2)F
1073,carphenazine/carfenazine,1,C1=C(C=CC3=C1N(CCCN2CCN(CC2)CCO)C4=C(S3)C=CC=C4)C(CC)=O
1074,carzenide,1,C1=C(C=CC(=C1)[S](N)(=O)=O)C(O)=O
1075,cathinone,1,[C@@H](C(C1=CC=CC=C1)=O)(C)N
1080,cetophenicol/cetofenicol,1,C1=C(C(O)C(CO)NC(C(Cl)Cl)=O)C=CC(=C1)C(=O)C
1083,chlorhexadol/chloralodol,1,C(C(OC(C(Cl)(Cl)Cl)O)C)C(C)(C)O
1084,chlormezanone,1,C1=CC(=CC=C1C2[S](CCC(N2C)=O)(=O)=O)Cl
1085,chloroform,1,C(Cl)(Cl)Cl
1090,cicortonide,1,[C@H]23C([C@@]1(OC(O[C@@H]1C2)(C)C)C(=O)COC(=O)C)(CC(O)[C@@]4(F)C3CC(=C5C4(CCC(=C5)OCCCl)C)C#N)C
1092,cimemoxin,1,C(C1CCCCC1)NN
1093,cimepanol,1,CC(C(C1CCCCC1)O)C
1094,cimoxatone,1,C1=CC(=CC=C1N2CC(COC)OC2=O)OCC3=CC(=CC=C3)C#N
1096,cinolazepam,1,C1=C(Cl)C=CC2=C1C(=NC(O)C(N2CCC#N)=O)C3=CC=CC=C3F
1102,clobetasone,1,[C@@]23(F)[C@H]([C@H]1[C@@]([C@@]([C@H](C1)C)(O)C(=O)CCl)(CC2=O)C)CCC4=CC(=O)C=C[C@]34C
1103,clobetasone-butyrate,1,[C@]4([C@@]3([C@H]([C@H]2[C@]([C@@]1(C(=CC(=O)C=C1)CC2)C)(F)C(C3)=O)C[C@@H]4C)C)(OC(CCC)=O)C(CCl)=O
1104,clocapramine,1,C1=C(Cl)C=CC4=C1N(CCCN3CCC(N2CCCCC2)(CC3)C(N)=O)C5=C(CC4)C=CC=C5
1105,clocortolone,1,[C@@]24(Cl)C1(C(=CC(=O)C=C1)[C@@H](F)CC2C3C(C([C@@H](C3)C)C(=O)CO)(CC4O)C)C
1106,clocortolone-acetate,1,[C@H]2(C1=CC(C=C[C@@]1(C4([C@@H](C2)[C@@H]3C[C@H]([C@H](C(COC(=O)C)=O)[C@@]3(C)C[C@@H]4O)C)Cl)C)=O)F
1107,clocortolone-pivalate,1,[C@@]24(Cl)C1(C(=CC(=O)C=C1)[C@@H](F)CC2C3C(C([C@@H](C3)C)C(=O)COC(=O)C(C)(C)C)(CC4O)C)C
1109,clofenciclan,1,C2=C(C1(OCCN(CC)CC)CCCCC1)C=CC(=C2)Cl
1110,clofluperol,1,C1=C(C(=CC=C1C3(CCN(CCCC(C2=CC=C(F)C=C2)=O)CC3)O)Cl)C(F)(F)F
1111,clopenthixol/zuclopenthixol,1,C1=C(Cl)C=CC3=C1\C(C2=C(C=CC=C2)S3)=C/CCN4CCN(CCO)CC4
1114,clorethate/cloretate,1,C(C(Cl)(Cl)Cl)OC(OCC(Cl)(Cl)Cl)=O
1115,clorgiline,1,C1=C(C(=CC(=C1)Cl)Cl)OCCCN(CC#C)C
1116,cloroperone,1,C3=C(C(C2CCN(CCCC(C1=CC=C(F)C=C1)=O)CC2)=O)C=CC(=C3)Cl
1117,clorotepine,1,C1=C(Cl)C=CC4=C1C(N2CCN(C)CC2)CC3=C(C=CC=C3)S4
1119,cloticasone(cloticasone-propionate),1,[C@]34([C@H](C2[C@@](F)([C@@]1(C(=CC(=O)C=C1)[C@@H](F)C2)C)[C@@H](O)C3)C[C@H]([C@]4(OC(=O)CC)C(SCCl)=O)C)C
1120,clotixamide(clotixamide),1,CNC(=O)CCN1CCN(CCC=C2c3ccccc3Sc3ccc(cc23)Cl)CC1
1122,conorphone(conorfone),1,[C@H]12C5CC4=C3[C@]1([C@H](C(C[C@@H]2CC)=O)OC3=C(C=C4)OC)CCN5CC6CC6
1123,cormetasone,1,CC1CC2C3CC(F)(F)C4=CC(=O)C=C[C@]4(C)C3(F)C(O)CC2(C)C1(O)C(=O)CO
1124,cortexolone(cortodoxonecortifen),1,C(O)C(=O)C4(O)C3(C(C2C(C1(C(=CC(=O)CC1)CC2)C)CC3)CC4)C
1125,cortisone-acetate,1,[C@]34([C@H]([C@H]2[C@@H]([C@@]1(C(=CC(=O)CC1)CC2)C)C(C3)=O)CC[C@@]4(C(COC(C)=O)=O)O)C
1129,cotriptyline,1,C1=CC=CC2=C1C(C3=C(CC2)C=CC=C3)=CC(CN(C)C)=O
1131,crotetamide,1,C(C(N(C(\C=C\C)=O)CC)C(N(C)C)=O)C
1133,cyclindole(ciclindole),1,C1=CC=CC2=C1C3=C([NH]2)CCC(C3)N(C)C
1134,cyclobarbital,1,C(C2(C1=CCCCC1)C(NC(=O)NC2=O)=O)C
1135,cyclobenzaprine,1,C1=CC=CC2=C1C(C3=C(C=C2)C=CC=C3)=CCCN(C)C
1138,cyheptamide,1,C1=CC=CC3=C1C(C2=C(C=CC=C2)CC3)C(N)=O
1139,cyprenorphine,1,[C@@]135C67[C@@H](N(CC1)CC2CC2)CC4=CC=C(O)C(=C34)O[C@@H]5C(OC)(C(C6)C(O)(C)C)C=C7
1140,cyprodenate,1,C(C1CCCCC1)CC(OCCN(C)C)=O
1143,dacemazine,1,C1=CC=CC3=C1N(C2=C(C=CC=C2)S3)C(CN(C)C)=O
1145,decimemide,1,C1=C(C(N)=O)C=C(C(=C1OC)OCCCCCCCCCC)OC
1148,denbufylline,1,C1=NC2=C([N]1CC(C)=O)C(N(CCCC)C(N2CCCC)=O)=O
1149,deprodone,1,CC(=O)C3(O)CCC4C2CCC1=CC(=O)C=CC1(C)C2C(O)CC34C
1150,desciclovir,1,C1=NC(=NC2=C1N=C[N]2COCCO)N
1151,descinolone(descinolone-acetonide),1,[C@H]34[C@H]2[C@@](F)([C@@]1(C(=CC(=O)C=C1)CC2)C)[C@@H](O)C[C@@]3([C@](O)([C@H](O)C4)C(=O)C)C
1152,desonide,1,[C@]12(OC(O[C@@H]1C[C@@H]3C2(CC(O)[C@H]4C3CCC5=CC(=O)C=CC45C)C)(C)C)C(=O)CO
1153,desoximetasone,1,[C@H]23[C@@]([C@@]1(C(=CC(=O)C=C1)CC2)C)([C@H](C[C@]4([C@H]3C[C@@H](C)[C@@H]4C(CO)=O)C)O)F
1159,dichlorisone,1,[C@@]23(Cl)C(C1C([C@](O)(CC1)C(=O)CO)(CC2Cl)C)CCC4=CC(=O)C=CC34C
1160,dichlorisone-acetate,1,[C@@]23(Cl)C(C1C([C@](O)(CC1)C(=O)COC(=O)C)(CC2Cl)C)CCC4=CC(=O)C=CC34C
1162,diclometide,1,C1=C(Cl)C=C(C(=C1C(NCCN(CC)CC)=O)OC)Cl
1164,difebarbamate,1,C2=C(C1(C(N(C(=O)N(C1=O)CC(COCCCC)OC(N)=O)CC(COCCCC)OC(N)=O)=O)CC)C=CC=C2
1166,diflucortolone,1,[C@@]24(F)C1(C(=CC(=O)C=C1)[C@@H](F)CC2C3C(C([C@@H](C3)C)C(=O)CO)(CC4O)C)C
1167,diflucortolone-pivalate,1,[C@H]23[C@@]([C@@]1(C(=CC(=O)C=C1)[C@H](C2)F)C)([C@H](C[C@]4([C@H]3C[C@@H](C)[C@@H]4C(COC(C(C)(C)C)=O)=O)C)O)F
1169,dimethadione,1,CC1(C(NC(O1)=O)=O)C
1170,dimethazan,1,C1=NC2=C([N]1CCN(C)C)C(N(C)C(N2C)=O)=O
1171,dimethylamphetamine(dimethamphetamine),1,CN(C(C)CC1=CC=CC=C1)C
1173,dioxamate,1,C(C1(OC(COC(N)=O)CO1)C)CCCCCCCC
1174,diphoxazide,1,C2=C(C(C1=CC=CC=C1)(CC(NNC(C)=O)=O)O)C=CC=C2
1175,diprenorphine,1,[C@]235[C@@]67[C@H](N(CC1CC1)CC2)CC4=C3C(=C(C=C4)O)O[C@H]5[C@](OC)([C@H](C6)C(C)(C)O)CC7
1182,drotebanol,1,[C@@]123C4=C(C[C@H]([C@@]1(CC[C@H](C2)O)O)N(CC3)C)C=CC(=C4OC)OC
1188,efetozole,1,C1=CC=CC=C1C(C)[N]2C=CN=C2C
1190,elfazepam,1,C1=C(Cl)C=CC2=C1C(=NCC(N2CC[S](CC)(=O)=O)=O)C3=CC=CC=C3F
1193,embutramide,1,C1=C(C=CC=C1C(CNC(CCCO)=O)(CC)CC)OC
1196,endixaprine,1,C3=C(C2=CC=C(N1CCC(O)CC1)N=N2)C(=CC(=C3)Cl)Cl
1198,endrysone(endrisone),1,CC3CC2C1CCC(C(C)=O)C1(C)CC(O)C2C4(C)C=CC(=O)C=C34
1200,eptastigmine,1,[C@@]12(C3=C(N(C)[C@H]1N(C)CC2)C=CC(=C3)OC(NCCCCCCC)=O)C
1202,etacepride,1,C1=C(C(C)=O)C=CC(=C1C(NCC2N(CCC2)CC)=O)OC
1203,etamiphyllin,1,C1=NC2=C([N]1CCN(CC)CC)C(N(C)C(N2C)=O)=O
1206,ethomoxane,1,[H+].C2=C1OCC(OC1=C(C=C2)OCC)CNCCCC.[Cl-]
1207,ethylene(ethene),1,C(C)Cl
1208,ethyl-loflazepate,1,C=C
1210,eticyclidine,1,C2=C(C1(CCCCC1)NCC)C=CC=C2
1212,etiracetam(levetiracetam),1,C(C(N1C(CCC1)=O)C(N)=O)C
1213,etisulergine,1,[C@@H]34C1=CC=CC2=C1C(=C[NH]2)C[C@H]3N(C[C@H](C4)N[S](N(CC)CC)(=O)=O)C
1214,etodroxizine,1,C3=C(C(N1CCN(CC1)CCOCCOCCO)C2=CC=CC=C2)C=CC(=C3)Cl.O=C(O)\C=C\C(O)=O
1216,etorphine,1,C2=CC(=C3OC5C14C6(C(N(CC1)C)CC2=C34)CC(C5(OC)C=C6)C(O)(CCC)C)O
1218,famciclovir,1,C1=NC2=C([N]1CCC(COC(C)=O)COC(C)=O)N=C(N)N=C2
1222,febarbamate,1,C2=C(C1(C(N(CC(COCCCC)OC(N)=O)C(=O)NC1=O)=O)CC)C=CC=C2
1223,felbamate,1,C1=C(C(COC(N)=O)COC(N)=O)C=CC=C1
1230,fenimide,1,C2=C(C1(C(C(=O)NC1=O)CC)C)C=CC=C2
1231,fenmetozole,1,C1=C(C(=CC=C1OCC2=NCCN2)Cl)Cl
1234,fenozolone,1,C1=CC=CC=C1C2C(N=C(O2)NCC)=O
1235,fenpentadiol,1,C1=CC(=CC=C1C(CC(C)(C)O)(C)O)Cl
1238,flerobuterol,1,C1=C(C(CNC(C)(C)C)O)C(=CC=C1)F
1239,florfenicol,1,[C@@H](C1=CC=C(C=C1)[S](C)(=O)=O)([C@H](NC(C(Cl)Cl)=O)CF)O
1240,fluacizine,1,C1=C(C(F)(F)F)C=CC3=C1N(C2=C(C=CC=C2)S3)C(CCN(CC)CC)=O
1242,flubanilate,1,CCOC(=O)N(CCN(C)C)c1cccc(c1)C(F)(F)F
1244,flucloronide(fluclorolone-acetonide),1,[C@@]23(Cl)C1(C(=CC(=O)C=C1)[C@@H](F)CC2C5C(CC3Cl)([C@]4(C(=O)CO)OC(O[C@@H]4C5)(C)C)C)C
1245,fludrocortisone,1,[C@H]23[C@@]([C@@]1(C(=CC(=O)CC1)CC2)C)([C@H](C[C@]4([C@H]3CC[C@@]4(C(CO)=O)O)C)O)F
1246,fludrocortisone-acetate,1,[C@H]23[C@@]([C@@]1(C(=CC(=O)CC1)CC2)C)([C@H](C[C@]4([C@H]3CC[C@@]4(C(COC(C)=O)=O)O)C)O)F
1247,flumezapine,1,C1=C(F)C=CC2=C1NC(=C3C(=N2)SC(=C3)C)N4CCN(CC4)C
1248,flumoxonide,1,[C@]12(OC(O[C@@H]1CC3C2(CC(O)[C@@]4(F)C3C[C@H](F)C5=CC(=O)C=CC45C)C)(C)C)C(=O)C(OC)OC
1249,fluocinonide,1,[C@@]45([C@@]3([C@H]([C@H]2[C@]([C@@]1(C(=CC(=O)C=C1)[C@H](C2)F)C)(F)[C@H](C3)O)C[C@H]4OC(O5)(C)C)C)C(COC(C)=O)=O
1250,fluocortin,1,CCCCOC(=O)C(=O)C3C(C)CC4C2CC(F)C1=CC(=O)C=CC1(C)C2C(O)CC34C
1251,fluocortolone-caproate,1,CCCCCC(=O)OCC(=O)C3C(C)CC4C2CC(F)C1=CC(=O)C=CC1(C)C2C(O)CC34C
1252,fluoresone,1,C1=CC(=CC=C1[S](CC)(=O)=O)F
1253,fluorometholone-acetate,1,[C@]23([C@H]([C@H]1[C@]([C@@](OC(C)=O)(C(C)=O)CC1)(C)C[C@@H]2O)C[C@H](C)C4=CC(=O)C=C[C@]34C)F
1255,fluoxetine,1,C2=C(C(OC1=CC=C(C=C1)C(F)(F)F)CCNC)C=CC=C2
1256,fluphenazine-enanthate,1,C1=C(C(F)(F)F)C=CC3=C1N(C2=C(C=CC=C2)S3)CCCN4CCN(CCOC(CCCCCC)=O)CC4
1257,flupimazine,1,C1=CC=CC3=C1N(CCCN2CCC(OCCO)CC2)C4=C(S3)C=CC(=C4)C(F)(F)F
1258,fluprazine,1,C1=C(C=CC=C1N2CCN(CCNC(N)=O)CC2)C(F)(F)F
1260,flutazolam,1,C1=C(Cl)C=CC2=C1C3(N(CC(=O)N2CCO)CCO3)C4=CC=CC=C4F
1261,flutemazepam,1,CN2C(=O)C(O)N=C(c1ccccc1F)c3cc(Cl)ccc23
1262,fluticasone,1,CC4CC3C2CC(F)C1=CC(=O)C=CC1(C)C2(F)C(O)CC3(C)C4(O)C(=O)SCF
1263,fluticasone-propionate,1,[C@]4([C@@]3([C@H]([C@H]2[C@]([C@@]1(C(=CC(=O)C=C1)[C@H](C2)F)C)(F)[C@H](C3)O)C[C@H]4C)C)(OC(CC)=O)C(SCF)=O
1265,flutomidate,1,C1=C(C(OCC)=O)[N](C=N1)C(C)C2=CC=C(C=C2)F
1267,fluvastatin,1,[C@@H](O)(/C=C/C1=C(C2=C([N]1C(C)C)C=CC=C2)C3=CC=C(F)C=C3)C[C@H](O)CC(=O)O
1268,fluvoxamine,1,C1=C(C(F)(F)F)C=CC(=C1)C(=N/OCCN)/CCCCOC.O=C(O)\C=C/C(=O)O
1269,fluzinamide,1,C2=C(OC1CN(C(NC)=O)C1)C=CC=C2C(F)(F)F
1271,formocortal,1,[C@]12(OC(O[C@@H]1CC3C2(CC(O)[C@@]4(F)C3CC(=C5C4(CCC(=C5)OCCCl)C)C=O)C)(C)C)C(=O)COC(=O)C
1272,fosazepam,1,C1=CC(=CC2=C1N(C(CN=C2C3=CC=CC=C3)=O)C[P](C)(C)=O)Cl
1275,fosphenytoin,1,C1=CC=CC=C1C3(C2=CC=CC=C2)C(N(CO[P](O)(O)=O)C(N3)=O)=O
1276,ftormetazine,1,C1=C(C(F)(F)F)C=CC3=C1N(C2=C(C=CC=C2)S3)C(CCN4CCN(C)CC4)=O
1277,ftorpropazine,1,C1=C(C(F)(F)F)C=CC3=C1N(C2=C(C=CC=C2)S3)C(CCN4CCN(CCO)CC4)=O
1281,ganaxolone,1,[C@H]13[C@@H]([C@@]2([C@@H](CC1)C[C@](O)(CC2)C)C)CC[C@]4([C@H]3CC[C@@H]4C(=O)C)C
1283,gemazocine,1,C1=C(O)C=CC4=C1C3(C(C(N(CC2CC2)CC3)C4)(C)C)CC
1286,girisopam,1,C1=C(OC)C(=CC2=C1C(=NN=C(C2)C)C3=CC=CC(=C3)Cl)OC
1287,halcinonide,1,[C@@]45([C@@]3([C@H]([C@H]2[C@]([C@@]1(C(=CC(=O)CC1)CC2)C)(F)[C@H](C3)O)C[C@H]4OC(O5)(C)C)C)C(CCl)=O
1288,halocortolone,1,[C@H]23C(Cl)([C@@]1(C(=CC(=O)C=C1)[C@@H](F)C2)C)[C@@H](F)C[C@]4([C@H]3C[C@H]([C@@H]4C(=O)CO)C)C
1290,haloperidol-decanoate,1,C1=CC(=CC=C1C3(CCN(CCCC(C2=CC=C(C=C2)F)=O)CC3)OC(CCCCCCCCC)=O)Cl
1291,halopredone(halopredone-acetate),1,[C@]34([C@H]([C@H]2C([C@@]1(C(=CC(C(=C1)Br)=O)[C@@H](C2)F)C)([C@H](C3)O)F)CCC4(C(=O)CO)O)C
1292,haloxazolam,1,C1=C(Br)C=CC3=C1C2(N(CCO2)CC(=O)N3)C4=C(C=CC=C4)F
1293,hexapradol,1,C2=C(C(C1=CC=CC=C1)(C(CCCCC)N)O)C=CC=C2
1295,homprenorphine,1,C1=CC(=C5C2=C1CC6C34C2(C(C(OC)(C(C3)C(CC)(C)O)C=C4)O5)CCN6CC7CC7)OC
1296,hopantenic-acid,1,[C@H](C(NCCCC(O)=O)=O)(C(CO)(C)C)O
1297,hydrocortamate,1,[C@]34([C@H]([C@H]2[C@@H]([C@@]1(C(=CC(=O)CC1)CC2)C)[C@H](C3)O)CC[C@@]4(C(COC(CN(CC)CC)=O)=O)O)C
1298,hydrocortisone-aceponate,1,[C@@]4([C@@]3([C@H]([C@H]2[C@@H]([C@@]1(C(=CC(=O)CC1)CC2)C)[C@H](C3)O)CC4)C)(C(COC(C)=O)=O)OC(CC)=O
1299,hydrocortisonecypionate(hydrocortisone-cipionate),1,[C@]34([C@H]([C@H]2[C@@H]([C@@]1(C(=CC(=O)CC1)CC2)C)[C@@H](O)C3)CC[C@]4(O)C(=O)COC(=O)CCC(O)=O)C.O
1300,hydrocortisone-hemisuccinate,1,[C@@]4(OC(=O)CCCC)(C3(C(C2C(C1(C(=CC(=O)CC1)CC2)C)C(O)C3)CC4)C)C(=O)CO
1302,hydromorphinol,1,[C@@]125C3=C4C[C@H]([C@@]1(CC[C@@H]([C@@H]2OC3=C(C=C4)O)O)O)N(C)CC5
1304,ibrotamide,1,C(C(C(C)C)(C(N)=O)Br)C
1311,imipraminoxide,1,C1=CC=CC2=C1N(C3=C(CC2)C=CC=C3)CCC[N+](C)(C)[O-]
1314,indomethacin(indometacin),1,C1=CC(=CC2=C1[N](C(=C2CC(O)=O)C)C(C3=CC=C(Cl)C=C3)=O)OC
1316,iproclozide,1,C1=CC(=CC=C1OCC(NNC(C)C)=O)Cl
1317,iprozilamine,1,CSC1=C(N=C(N=C1N2CCN(C)CC2)NC(C)C)Cl
1320,isoflupredone,1,C(C(C1(CCC2C4C(C(CC12C)O)(F)C3(C=CC(C=C3CC4)=O)C)O)=O)O
1321,isoflupredone-acetate,1,[C@H]23[C@@]([C@@]1(C(=CC(=O)C=C1)CC2)C)([C@H](C[C@]4([C@H]3CC[C@@]4(C(COC(C)=O)=O)O)C)O)F
1322,itrocinonide,1,[C@]34([C@H]([C@H]2C(F)([C@@]1(C(=CC(=O)C=C1)[C@@H](F)C2)C)[C@@H](O)C3)C[C@H]5O[C@H](O[C@@]45C(O[C@@H](OC(OCC)=O)C)=O)CCC)C
1323,ivoqualine,1,[C@H]3(CCCC1=C2C(=NC=C1)C=CC(=C2)OC)[C@@H](CNCC3)C=C
1326,ketobemidone,1,C1=C(C=CC=C1C2(CCN(C)CC2)C(CC)=O)O
1331,litracen,1,C1=CC=CC3=C1C(C2=C(C=CC=C2)C3(C)C)=CCCNC
1332,lofendazam,1,C1=C(Cl)C=CC3=C1N(C2=CC=CC=C2)C(CCN3)=O
1333,lofentanil,1,[C@]3(N(C1=CC=CC=C1)C(=O)CC)(C(=O)OC)[C@H](CN(CCC2=CC=CC=C2)CC3)C
1335,lometraline,1,C1=C(C2=C(C(=C1)OC)CCCC2N(C)C)Cl
1338,loratadine,1,C1=CC(=CC2=C1C(C3=C(CC2)C=CC=N3)=C4CCN(C(OCC)=O)CC4)Cl
1339,lormetazepam,1,C1=C(Cl)C=CC2=C1C(=NC(O)C(N2C)=O)C3=CC=CC=C3Cl
1342,lorzafone,1,C1=CC(=CC(=C1N(C(=O)CNC(=O)CN)C)C(=O)C2=CC=CC=C2Cl)Cl.O
1344,loteprednol(loteprednol-etabonate),1,CCOC(=O)OC3(CCC4C2CCC1=CC(=O)C=CC1(C)C2C(O)CC34C)C(=O)OCCl
1345,loxapine,1,C1=C(Cl)C=CC2=C1C(=NC3=C(O2)C=CC=C3)N4CCN(CC4)C
1349,mebanazine,1,C1=CC=CC=C1C(NN)C
1350,mebutamate,1,C(C(C(CC)C)(COC(N)=O)C)OC(N)=O
1351,meclonazepam,1,[C@H]2(N=C(C1=C(C=CC(=C1)[N+](=O)[O-])NC2=O)C3=CC=CC=C3Cl)C
1352,mecloralurea,1,CNC(NC(C(Cl)(Cl)Cl)O)=O
1353,meclorisone(meclorisone-dibutyrate),1,[C@@]23(Cl)C(C1C([C@](O)([C@@H](C1)C)C(=O)CO)(CC2Cl)C)CCC4=CC(=O)C=CC34C
1354,medrysone,1,[C@@H]23[C@H]([C@H]1[C@]([C@@H](C(C)=O)CC1)(C)C[C@@H]2O)C[C@H](C)C4=CC(=O)CC[C@]34C
1355,mefexamide,1,[H+].C1=C(OCC(=O)NCCN(CC)CC)C=CC(=C1)OC.[Cl-]
1356,melitracen,1,C1=CC=CC3=C1C(C2=C(C=CC=C2)C3(C)C)=CCCN(C)C
1357,melperone,1,C1=CC(=CC=C1C(CCCN2CCC(C)CC2)=O)F
1358,memantine,1,CC12CC3(CC(C1)(CC(C2)C3)N)C
1359,mephenoxalone,1,C1=C(C(=CC=C1)OC)OCC2CNC(O2)=O
1361,mequitazine,1,C1=CC=CC2=C1SC5=C(N2CC3C4CCN(C3)CC4)C=CC=C5
1362,mesulergine,1,[C@@H]34C1=CC=CC2=C1C(=C[N]2C)C[C@H]3N(C[C@H](C4)N[S](N(C)C)(=O)=O)C
1363,metacetamol,1,C1=C(C=CC=C1O)NC(C)=O
1364,metaglycodol,1,C1=C(C(C(C)(C)O)(C)O)C=CC=C1Cl
1366,metharbital,1,C(C1(C(NC(N(C1=O)C)=O)=O)CC)C
1367,methitural,1,C(C1(C(NC(=S)NC1=O)=O)C(CCC)C)CSC
1368,methyldesorphine,1,C5=C3C1=C(OC4C12C(C(N(CC2)C)C3)CC=C4C)C(=C5)O
1369,methyldihydromorphine,1,[C@@H]25CC1=CC=C(C4=C1[C@@]3([C@H]2CC[C@@H]([C@@H]3O4)OC)CCN5C)O
1370,methylprednisolone21hemisuccinate(methylprednisolone-hemisuccinate),1,[C@@]4([C@@]3([C@H]([C@H]2[C@@H]([C@@]1(C(=CC(=O)C=C1)[C@H](C2)C)C)[C@H](C3)O)CC4)C)(C(COC(C)=O)=O)OC(CC)=O
1371,metiapine,1,C1=C(C)C=CC3=C1C(=NC2=C(C=CC=C2)S3)N4CCN(C)CC4
1373,metopimazine,1,C1=C([S](C)(=O)=O)C=CC3=C1N(C2=C(C=CC=C2)S3)CCCN4CCC(C(N)=O)CC4
1374,metopon,1,[C@@]125C3=C4C[C@H]([C@@H]1CCC([C@@]2(OC3=C(C=C4)O)C)=O)N(C)CC5
1375,metoserpate,1,C5=C4C3=C(C2N(CC1CC(OC)C(C(C1C2)C(OC)=O)OC)CC3)[NH]C4=CC(=C5)OC
1379,mexazolam,1,C1=C(Cl)C=CC3=C1C2(N(C(C)CO2)CC(=O)N3)C4=CC=CC=C4Cl
1380,mezilamine,1,CSC2=C(N1CCN(C)CC1)N=C(NC)N=C2Cl
1381,miconazole,1,C1=C(C=CC(=C1Cl)COC(C[N]2C=NC=C2)C3=C(C=C(C=C3)Cl)Cl)Cl
1383,milacemide,1,C(NCC(N)=O)CCCC
1384,milameline,1,CN1CC(=CCC1)\C=N\OC
1385,minaprine,1,C1=C(C(=NN=C1C2=CC=CC=C2)NCCN3CCOCC3)C
1386,minaxolone,1,[C@@H]23[C@H]([C@H]1[C@]([C@@H](C(C)=O)CC1)(C)C[C@H]2N(C)C)CC[C@@H]4[C@@]3(C[C@H](OCC)[C@H](C4)O)C
1388,moclobemide,1,C2=C(C(NCCN1CCOCC1)=O)C=CC(=C2)Cl
1389,modafinil,1,C2=C(C(C1=CC=CC=C1)[S](CC(N)=O)=O)C=CC=C2
1390,mometasone(mometasone-furoate),1,[C@H]34[C@H]2[C@@](Cl)([C@@]1(C(=CC(=O)C=C1)CC2)C)[C@@H](O)C[C@@]3([C@](O)([C@@H](C4)C)C(=O)CCl)C
1391,monometacrine,1,C1=CC=CC3=C1N(C2=C(C=CC=C2)C3(C)C)CCCNC
1394,motrazepam,1,C1=C([N+](=O)[O-])C=CC2=C1C(=NCC(N2COC)=O)C3=CC=CC=C3
1404,nalmexone,1,[C@@]125C3=C4C[C@H]([C@@]1(CCC([C@@H]2OC3=C(C=C4)O)=O)O)N(CC=C(C)C)CC5
1405,napactadine,1,C1=C(C=CC2=C1C=CC=C2)CC([NH2+]C)=NC.[Cl-]
1407,naprodoxime,1,C2=C1C(=CC=CC1=CC=C2)OC(\C(=N\O)N)C
1416,nicotinamide,1,C(C1=CN=CC=C1)(=O)N
1417,nikethamide,1,C1=CC=NC=C1C(N(CC)CC)=O
1418,nimetazepam,1,C1=C([N+]([O-])=O)C=CC2=C1C(=NCC(=O)N2C)C3=CC=CC=C3
1419,nisobamate,1,C(C(COC(N)=O)(C(CC)C)C)OC(NC(C)C)=O
1420,nisoxetine,1,C1=CC=CC=C1C(OC2=CC=CC=C2OC)CCNC
1423,nomelidine,1,C1=CC(=CC=C1\C(C2=CC=CN=C2)=C\CNC)Br
1426,norflurane,1,C(C(F)(F)F)F
1427,norlevorphanol,1,C1=C(O)C=CC3=C1C24C(C(NCC2)C3)CCCC4
1428,normorphine,1,C1=CC(=C3C2=C1CC5C4C2(C(O3)C(O)C=C4)CCN5)O
1429,nortetrazepam,1,C1=C(Cl)C=CC2=C1C(=NCC(=O)N2)C3=CCCCC3
1435,octamoxin,1,C(C(NN)C)CCCCC
1438,oxaflozane,1,C2=C(C1CN(CCO1)C(C)C)C=CC(=C2)C(F)(F)F
1439,oxcarbazepine,1,C1=CC=CC3=C1N(C2=C(C=CC=C2)CC3=O)C(N)=O
1441,oxiracetam,1,C(N1CC(O)CC1=O)C(N)=O
1443,oxitriptan,1,C1=C(O)C=CC2=C1C(=C[NH]2)CC(C(O)=O)N
1444,oxitriptyline,1,CN(C)C(=O)COC2c1ccccc1CCc3ccccc23
1451,paramethasone-acetate,1,[C@]34([C@H]([C@H]2[C@@H]([C@@]1(C(=CC(=O)C=C1)[C@H](C2)F)C)[C@H](C3)O)C[C@H]([C@@]4(C(COC(C)=O)=O)O)C)C
1452,pargyline,1,C1=CC=CC=C1CN(CC#C)C
1456,pentabamate,1,CC(C(C(OC(N)=O)C)C)OC(N)=O
1460,perafensine,1,C2=C1C(=NC(=CC1=CC=C2)N3CCNCC3)C4=CC=CC=C4
1462,perphenazine,1,C1=C(Cl)C=CC3=C1N(C2=C(C=CC=C2)S3)CCCN4CCN(CCO)CC4
1463,petrichloral,1,C(C(COC(C(Cl)(Cl)Cl)O)(COC(C(Cl)(Cl)Cl)O)COC(C(Cl)(Cl)Cl)O)OC(C(Cl)(Cl)Cl)O
1464,phenacemide,1,C1=CC=CC=C1CC(NC(N)=O)=O
1466,pheneturide,1,C1=CC=CC=C1C(C(NC(N)=O)=O)CC
1467,phenmetrazine,1,C2=C(C1C(C)NCCO1)C=CC=C2
1468,phenoxypropazine(fenoxypropazine),1,C1=C(OCC(NN)C)C=CC=C1
1469,phensuximide,1,C1=CC=CC=C1C2C(N(C)C(C2)=O)=O
1471,phenytoin,1,C1=CC=CC=C1C3(C2=CC=CC=C2)NC(=O)NC3=O
1474,picenadol,1,[C@]2(C1=CC(=CC=C1)O)([C@H](CN(C)CC2)C)CCC
1477,piperacetazine,1,C1=C(C(C)=O)C=CC3=C1N(C2=C(C=CC=C2)S3)CCCN4CCC(CCO)CC4
1480,pipotiazine-palmitate,1,C1=C([S](N(C)C)(=O)=O)C=CC3=C1N(C2=C(C=CC=C2)S3)CCCN4CCC(CCOC(CCCCCCCCCCCCCCC)=O)CC4
1482,piracetam,1,C(N1C(CCC1)=O)C(N)=O
1487,pivagabine,1,C(NC(C(C)(C)C)=O)CCC(O)=O
1488,pivoxazepam,1,C1=C(Cl)C=CC2=C1C(=NC(C(=O)N2)OC(C(C)(C)C)=O)C3=CC=CC=C3
1489,pramiracetam,1,C(N1C(CCC1)=O)C(NCCN(C(C)C)C(C)C)=O
1491,prednicarbate,1,[C@@]4([C@@]3([C@H]([C@H]2[C@@H]([C@@]1(C(=CC(=O)C=C1)CC2)C)[C@H](C3)O)CC4)C)(C(COC(CC)=O)=O)OC(OCC)=O
1492,prednisolamate,1,C(C(C4(C3(C(C2C(C1(C(=CC(=O)C=C1)CC2)C)C(C3)O)CC4)C)O)=O)OC(CN(CC)CC)=O
1493,prednisolone-steaglate,1,[C@H]34[C@H]2[C@@H]([C@@]1(C(=CC(=O)C=C1)CC2)C)[C@@H](O)C[C@@]3([C@](C(COC(COC(CCCCCCCCCCCCCCCCC)=O)=O)=O)(O)CC4)C
1494,prednisolone-tebutate,1,[C@]34([C@H]([C@H]2[C@@H]([C@@]1(C(=CC(=O)C=C1)CC2)C)[C@H](C3)O)CC[C@@]4(C(COC(CC(C)(C)C)=O)=O)O)C
1495,prednylidene,1,C(C(C3(C(CC4C2CCC1=CC(C=CC1(C)C2C(CC34C)O)=O)=C)O)=O)O
1496,pregabalin,1,[C@@H](CC(=O)O)(CC(C)C)CN
1499,procarbazine,1,C1=CC(=CC=C1C(NC(C)C)=O)CNNC
1500,procymate,1,C(C(C1CCCCC1)OC(N)=O)C
1501,proflazepam,1,C1=C(Cl)C=CC2=C1C(=NCC(N2CC(CO)O)=O)C3=CC=CC=C3F
1503,prolintane,1,C1=CC=CC=C1CC(N2CCCC2)CCC
1504,promoxolane,1,C(C1OC(C(C)C)(C(C)C)OC1)O
1505,propacetamol,1,C1=CC(=CC=C1OC(CN(CC)CC)=O)NC(C)=O
1506,propanidid,1,[CH2-][CH-]C
1508,propofol,1,C1=CC=C(C(=C1C(C)C)O)C(C)C
1510,prothixene,1,C1=CC=CC3=C1C(C2=C(C=CC=C2)S3)=CCCN(C)C
1511,proxibarbal,1,C(C1(C(NC(=O)NC1=O)=O)CC=C)C(C)O
1513,proxyphylline,1,C1=NC2=C([N]1CC(C)O)C(N(C)C(N2C)=O)=O
1514,psilocybine,1,C1=CC=C(C2=C1[NH]C=C2CCN(C)C)O[P](O)(O)=O
1517,quetiapine,1,C1=CC=CC3=C1C(=NC2=CC=CC=C2S3)N4CCN(CCOCCO)CC4
1523,remacemide,1,C1=CC=CC=C1C(CC2=CC=CC=C2)(NC(CN)=O)C
1525,resocortol,1,CCC(=O)C1(O)CCC2C3CCC4=CC(=O)CCC4(C)C3C(O)CC21C
1530,rimexolone,1,[C@H]12[C@@]([C@](C(CC)=O)(C)[C@@H](C1)C)(C[C@H](O)[C@H]3[C@H]2CCC4=CC(=O)C=C[C@]34C)C
1532,rivastigmine,1,[C@H](C1=CC(=CC=C1)OC(N(CC)C)=O)(N(C)C)C
1534,rociclovir,1,C1=NC2=C([N]1COC(COC(C)C)COC(C)C)N=C(N)N=C2
1536,rofleponide,1,[C@H]23[C@@]([C@@]1(O[C@@H](O[C@@H]1C2)CCC)C(=O)CO)(C[C@H](O)[C@@]4(F)[C@H]3C[C@H](F)C5=CC(=O)CC[C@]45C)C
1540,romifidine,1,C1=C(C(=C(C=C1)Br)NC2=NCCN2)F
1541,ropinirole,1,C2=C(C1=C(NC(C1)=O)C=C2)CCN(CCC)CCC
1545,salicylamide,1,C(C1=CC=CC=C1O)(=O)N
1546,salsalate(salsalic-acid),1,C1=CC=CC(=C1OC(C2=C(C=CC=C2)O)=O)C(O)=O
1547,sameridine,1,C1=CC=CC=C1C2(C(N(CC)C)=O)CCN(CCCCCC)CC2
1548,saripidem,1,C3=C(C1=C([N]2C(=N1)C=CC=C2)CN(C(CCC)=O)C)C=CC(=C3)Cl
1550,selegiline,1,[C@@H](CC1=CC=CC=C1)(N(CC#C)C)C
1551,semorphone,1,[C@@]125C3=C4C[C@H]([C@@]1(CCC([C@@H]2OC3=C(C=C4)O)=O)O)N(CCOC)CC5
1568,sulfonmethane,1,C([S](C(C)(C)[S](=O)(=O)CC)(=O)=O)C
1569,sulmepride,1,C1=C(C(=CC=C1[S](N)(=O)=O)OC)C(NCC2N(CCC2)C)=O
1571,sultopride,1,C1=C([S](CC)(=O)=O)C=CC(=C1C(NCC2N(CCC2)CC)=O)OC
1572,sumacetamol,1,[C@H](C(=O)OC1=CC=C(C=C1)NC(=O)C)(NC(=O)C)CCSC
1574,suproclone,1,C4=C(N2C(C1=C(SCCS1)C2=O)OC(N3CCN(C(CC)=O)CC3)=O)N=C5C(=C4)C=CC(=N5)Cl
1575,suriclone,1,C4=C(N2C(C1=C(SCCS1)C2=O)OC(N3CCN(C)CC3)=O)N=C5C(=C4)C=CC(=N5)Cl
1578,talopram,1,C1=CC=CC3=C1C(C2=CC=CC=C2)(OC3(C)C)CCCNC
1582,tametraline,1,CNC2CCC(c1ccccc1)c3ccccc23
1583,tamitinol,1,C1=C(C(=C(O)C(=N1)C)CNCC)CSC
1590,tazomeline,1,C(SC1=NSN=C1C2=CCCN(C2)C)CCCCC
1592,teflutixol,1,C1=C(C(F)(F)F)C=CC3=C1C(C2=C(C=C(F)C=C2)S3)CCCN4CCN(CCO)CC4
1595,terguride,1,[C@@H]34C1=CC=CC2=C1C(=C[NH]2)C[C@H]3N(C[C@H](C4)NC(N(CC)CC)=O)C
1596,tetrabarbital,1,C(C1(C(CCC)CC)C(NC(=O)NC1=O)=O)C
1597,tetrabenazine(tetrabenzine),1,C1=C(OC)C(=CC3=C1C2N(CC(CC(C)C)C(C2)=O)CC3)OC
1600,thebacon,1,C1=CC(=C4C2=C1CC5C3C2(C(C(=CC3)OC(C)=O)O4)CCN5C)OC
1602,thiamylal,1,C(C1(C(NC(=S)NC1=O)=O)C(CCC)C)C=C
1603,thiazesim(tiazesim),1,C1=CC=CC2=C1N(C(CC(S2)C3=CC=CC=C3)=O)CCN(C)C
1604,thiopropazate,1,C1=C(Cl)C=CC3=C1N(C2=C(C=CC=C2)S3)CCCN4CCN(CCOC(C)=O)CC4
1605,thioproperazine,1,C1=CC=CC2=C1N(C3=C(S2)C=CC(=C3)[S](N(C)C)(=O)=O)CCCN4CCN(CC4)C
1606,thozalinone(tozalinone),1,C1=CC=CC=C1C2OC(=NC2=O)N(C)C
1615,timobesone-acetate,1,[C@H]12[C@@](C(OC(=O)C)([C@H](C1)C)C(SC)=O)(C[C@H](O)C3(F)[C@H]2CCC4=CC(=O)C=C[C@]34C)C
1616,tinidazole,1,C1=C([N](CC[S](CC)(=O)=O)C(=N1)C)[N+](=O)[O-]
1620,tipredane,1,[C@]23([C@H]([C@H]1[C@]([C@@](SCC)(SC)CC1)(C)C[C@@H]2O)CCC4=CC(=O)C=C[C@]34C)F
1623,tixocortol,1,[C@H]34[C@H]2[C@@H]([C@@]1(C(=CC(=O)CC1)CC2)C)[C@@H](O)C[C@@]3([C@](C(CS)=O)(O)CC4)C
1624,tixocortol-pivalate,1,[C@@H]23[C@H]([C@H]1[C@]([C@](C(CSC(C(C)(C)C)=O)=O)(O)CC1)(C)C[C@@H]2O)CCC4=CC(=O)CC[C@]34C
1625,tofenacin,1,C2=C(C(C1=CC=CC=C1)OCCNC)C(=CC=C2)C
1626,tofisopam,1,C1=C(OC)C(=CC2=C1C(=NN=C(C2CC)C)C3=CC=C(C(=C3)OC)OC)OC
1627,toloxychlorinol,1,C1=CC=CC(=C1OCC(COC(C(Cl)(Cl)Cl)O)OC(C(Cl)(Cl)Cl)O)C
1628,tolpiprazole,1,C1=C(C=CC=C1N3CCN(CCC2=N[NH]C(=C2)C)CC3)C
1629,tolquinzole,1,C1=C(C)C=CC2=C1C3N(CC2)CCC(C3)(CC)O
1631,tonazocine,1,[C@]1([C@]2(C3=C(C[C@@H]1N(CC2)C)C=CC(=C3)O)C)(CCC(=O)CCCCC)C
1633,tracazolate,1,C1=N[N](C2=C1C(=C(C(=N2)C)C(OCC)=O)NCCCC)CC
1634,tralonide,1,[C@]12(OC(O[C@@H]1CC3C2(C[C@H](Cl)[C@@]4(Cl)C3C[C@H](F)C5=CC(=O)C=CC45C)C)(C)C)C(=O)CF
1635,tramadol,1,[C@H]1([C@](O)(CCCC1)C2=CC(=CC=C2)OC)CN(C)C.[H+].[Cl-]
1636,trebenzomine,1,C1=CC=CC2=C1CC(N(C)C)C(O2)C
1640,tribromoethanol,1,BrCC(O)(Br)Br
1641,tricetamide,1,C1=C(C(=C(C=C1C(NCC(N(CC)CC)=O)=O)OC)OC)OC
1642,triclodazol,1,C3=C(C2(C1=CC=CC=C1)C(N(C(C(Cl)(Cl)Cl)O)CN2)=O)C=CC=C3
1643,triclofos,1,O=[P](O)(OCC(Cl)(Cl)Cl)O
1644,triclonide,1,[C@H]23C([C@@]1(OC(O[C@@H]1C2)(C)C)C(=O)CCl)(C[C@H](Cl)[C@@]4(Cl)C3C[C@H](F)C5=CC(=O)C=CC45C)C
1645,trimetrexate,1,C1=C3C(=C(C(=C1)CNC2=CC(=C(C(=C2)OC)OC)OC)C)C(=NC(=N3)N)N
1648,tryptophan(l-tryptophan),1,N[C@@H](CC1=C[NH]C2=CC=CC=C12)C(=O)O
1651,urethane,1,NC(=O)OCC
1652,valaciclovir,1,[C@@H](N)(C(OCCOC[N]1C2=C(N=C1)C(=O)N=C(N2)N)=O)C(C)C
1653,valdipromide,1,C(C(C(N)=O)(CCC)CCC)CC
1654,valganciclovir(RS790702),1,[C@@H](N)(C(OCC(OC[N]1C2=C(N=C1)C(=O)N=C(N2)N)CO)=O)C(C)C
1655,valproatepivoxil,1,C(C(C(OCOC(C(C)(C)C)=O)=O)CCC)CC
1656,valtrate,1,[C@@]13([C@@H]2C(=C[C@@H]1OC(CC(C)C)=O)C(=CO[C@H]2OC(CC(C)C)=O)COC(C)=O)CO3
1657,velnacrine,1,C1=CC=CC2=C1C(=C3C(=N2)CCCC3O)N
1659,veralipride,1,C1=C([S](N)(=O)=O)C=C(C(=C1C(NCC2N(CCC2)CC=C)=O)OC)OC
1660,vigabatrin,1,C(C(C=C)N)CC(O)=O
1662,vinyl-ether,1,C(=C)OC=C
1663,vitamine(alpha-tocopherol),1,[C@]2(OC1=C(C(=C(C(=C1CC2)C)O)C)C)(CCC[C@@H](CCC[C@@H](CCCC(C)C)C)C)C
1665,xanthiol,1,OCCCN4CCN(CCCC2c1ccccc1Sc3ccc(Cl)cc23)CC4
1668,zafuleptine,1,C1=CC(=CC=C1CNC(C(C)C)CCCCCC(O)=O)F
1676,zotepine,1,C1=C(Cl)C=CC2=C1C(=CC3=C(S2)C=CC=C3)OCCN(C)C
1678,aceprometazine,1,C1=CC2=C(C=C1)SC3=C(N2CC(C)N(C)C)C=C(C=C3)C(=O)C
1679,adinazolam,1,C1=CC(=CC3=C1[N]2C(=NN=C2CN(C)C)CN=C3C4=CC=CC=C4)Cl
1681,alclometasone,1,[C@H]24[C@H]1[C@@]([C@](O)([C@@H](C1)C)C(=O)CO)(C[C@H](O)[C@@H]2[C@@]3(C(=CC(=O)C=C3)C[C@H]4Cl)C)C
1682,aletamine(alfetamine),1,C1=C(CC(CC=C)N)C=CC=C1
1683,algestone,1,[C@H]34[C@H]2[C@@H]([C@@]1(C(=CC(=O)CC1)CC2)C)CC[C@@]3([C@](O)([C@H](O)C4)C(=O)C)C
1684,alimemazine,1,C1=CC=CC3=C1N(C2=C(C=CC=C2)S3)CC(CN(C)C)C
1685,alpertine,1,C1=C(OC)C(=CC2=C1C(=C(C(OCC)=O)[NH]2)CCN4CCN(C3=CC=CC=C3)CC4)OC
1686,alphaprodine(betaprodine),1,C2=C(C1(C(CN(C)CC1)C)OC(CC)=O)C=CC=C2
1687,alpidem,1,C3=C(C1=C([N]2C(=N1)C=CC(=C2)Cl)CC(N(CCC)CCC)=O)C=CC(=C3)Cl
1688,amebucort,1,[C@@]4([C@@]3([C@H]([C@H]2[C@@H]([C@@]1(C(=CC(=O)CC1)[C@H](C2)C)C)[C@H](C3)O)CC4)C)(C(COC(C)=O)=O)OC(CCC)=O
1691,amiflamine,1,[C@@H](O)([C@@H](O)C(=O)O)C(=O)O.[C@@H](N)(CC1=CC=C(N(C)C)C=C1C)C
1692,aminoglutethimide,1,C1=CC(=CC=C1C2(C(NC(=O)CC2)=O)CC)N
1693,aminopromazine,1,C1=CC=CC3=C1N(C2=C(C=CC=C2)S3)CC(CN(C)C)N(C)C
1694,amiperone,1,C1=CC(=CC=C1C3(CCN(CCCC(C2=CC=C(F)C=C2)=O)CC3)C(N(C)C)=O)Cl
1695,amoxapine,1,C1=C(Cl)C=CC2=C1C(=NC3=C(O2)C=CC=C3)N4CCNCC4
1698,arfendazam,1,C1=C(Cl)C=CC3=C1N(C2=CC=CC=C2)C(CCN3C(OCC)=O)=O
1701,atropine(hyoscyamine),1,C1=CC=CC=C1C(C(OC2CC3N(C)C(C2)CC3)=O)CO
1702,bazinaprine,1,C1=C(C(=NN=C1C2=CC=CC=C2)NCCN3CCOCC3)C#N
1703,beclomethasonedipropionate(beclometasone-dipropionate),1,[C@@]4([C@@]3([C@H]([C@H]2[C@]([C@@]1(C(=CC(=O)C=C1)CC2)C)(Cl)[C@H](C3)O)C[C@@H]4C)C)(C(COC(CC)=O)=O)OC(CC)=O
1705,beloxepin,1,[C@@H]24[C@@](C1=CC=CC=C1OC3=C(C=CC=C23)C)(CCN(C4)C)O
1709,benzoctamine,1,C1=CC=C2C(=C1)C3C4=C(C2(CNC)CC3)C=CC=C4
1710,benzphetamine(benzfetamine),1,C1=CC(=CC=C1)CC(N(C)CC2=CC=CC=C2)C
1712,betamethadol,1,C2=C(C(CC(N(C)C)C)(C(CC)O)C1=CC=CC=C1)C=CC=C2
1713,betamethasone-acetate(dexamethasone-acetate),1,[C@@]4([C@@]3([C@H]([C@H]2[C@]([C@@]1(C(=CC(=O)C=C1)CC2)C)(F)[C@H](C3)O)C[C@@H]4C)C)(C(COC(C)=O)=O)OC(C(C)C)=O
1714,betamethasone-dipropionate(dexamethasone-dipropionate),1,[C@H]34[C@H]2[C@@]([C@@]1(C(=CC(=O)C=C1)CC2)C)([C@@H](O)C[C@@]3([C@](C(COC(C)=O)=O)(O)[C@H](C4)C)C)F
1715,betamethasone-valerate,1,[C@@]4([C@@]3([C@H]([C@H]2[C@]([C@@]1(C(=CC(=O)C=C1)CC2)C)(F)[C@H](C3)O)C[C@@H]4C)C)(C(COC(CC)=O)=O)OC(CC)=O
1716,bifemelane,1,[H+].C2=C(CC1=CC=CC=C1)C(=CC=C2)OCCCCNC.[Cl-]
1717,binedaline,1,C2=C(C1=C(C=CC=C1)[N]2N(CCN(C)C)C)C3=CC=CC=C3
1718,brallobarbital,1,C(C1(C(NC(=O)NC1=O)=O)CC=C)C(=C)Br
1719,brifentanil,1,[C@@H]3(N(C1=C(C=CC=C1)F)C(COC)=O)[C@@H](CN(CCN2C(N(CC)N=N2)=O)CC3)C
1721,bromamid,1,C1=CC(=CC=C1NCCC(N(C)C)=O)Br
1722,bromodiphenhydramine(bromazine),1,C2=C(C(OCCN(C)C)C1=CC=CC=C1)C=CC(=C2)Br
1723,bromopride,1,C1=C(Br)C(=CC(=C1C(NCCN(CC)CC)=O)OC)N
1724,bromperidol-decanoate,1,C1=CC(=CC=C1C3(CCN(CCCC(C2=CC=C(C=C2)F)=O)CC3)OC(CCCCCCCCC)=O)Br
1725,budesonide,1,[C@@]45([C@@]3([C@H]([C@H]2[C@@H]([C@@]1(C(=CC(=O)C=C1)CC2)C)[C@H](C3)O)C[C@H]4OC(O5)CCC)C)C(CO)=O
1727,bufenadrine,1,C2=C(C(C1=CC=CC=C1)OCCN(C)C)C(=CC=C2)C(C)(C)C
1729,butalbital,1,C(C1(C(NC(=O)NC1=O)=O)CC=C)C(C)C
1730,butamoxane,1,C1=CC=CC2=C1OC(CNCCCC)CO2
1731,butriptyline,1,C1=CC=CC3=C1C(C2=CC=CC=C2CC3)CC(CN(C)C)C
1732,carbenzide,1,C1=CC=CC=C1C(NNC(OCC)=O)C
1733,carbocloral,1,C(OC(NC(C(Cl)(Cl)Cl)O)=O)C
1734,carbromal,1,C(C(C(NC(N)=O)=O)(CC)Br)C
1735,carfentanil,1,C1=CC=CC=C1N(C3(CCN(CCC2=CC=CC=C2)CC3)C(OC)=O)C(CC)=O
1736,carpipramine,1,C1=CC=CC4=C1N(CCCN3CCC(N2CCCCC2)(CC3)C(N)=O)C5=C(CC4)C=CC=C5
1738,cericlamine,1,[H+].C1=C(CC(N(C)C)(CO)C)C=CC(=C1Cl)Cl.[Cl-]
1739,chlorcyclizine,1,C3=C(C(N1CCN(C)CC1)C2=CC=CC=C2)C=CC(=C3)Cl
1740,chlorobutanol,1,ClC(CCC)O
1741,chloroprednisone,1,[C@H]24[C@H]1[C@@]([C@](C(COC(C)=O)=O)(O)CC1)(CC([C@@H]2[C@@]3(C(=CC(=O)C=C3)[C@H](C4)Cl)C)=O)C
1742,chloroserpidine,1,[C@@H]36C2=C(C1=CC(=CC=C1[NH]2)Cl)CCN3C[C@H]5C[C@@H](OC(C4=CC(=C(C(=C4)OC)OC)OC)=O)[C@@H]([C@H]([C@H]5C6)C(OC)=O)OC
1743,chlorphenesin-carbamate,1,C1=CC(=CC=C1OCC(COC(N)=O)O)Cl
1744,chlorphenoxamine,1,C2=C(C(C1=CC=CC=C1)(OCCN(C)C)C)C=CC(=C2)Cl
1746,cianopramine,1,C1=C(C#N)C=CC3=C1N(C2=C(C=CC=C2)CC3)CCCN(C)C
1749,cidoxepin,1,CN(C)CCC=C2c1ccccc1COc3ccccc23
1754,cinromide,1,C1=C(C=CC=C1Br)\C=C\C(NCC)=O
1755,cintriamide(cintramide),1,C1=C(C(=C(C=C1\C=C\C(N)=O)OC)OC)OC
1757,citalopram,1,C1=CC(=CC3=C1C(C2=CC=C(F)C=C2)(OC3)CCCN(C)C)C#N
1758,citenamide,1,C1=CC=CC3=C1C(C2=C(C=CC=C2)C=C3)C(N)=O
1760,clemeprol,1,C1=CC=CC(=C1)C(C(CN(C)C)O)C2=CC=C(C=C2)Cl
1761,climazolam,1,C1=CC(=CC3=C1[N]2C(=CN=C2C)CN=C3C4=CC=CC=C4Cl)Cl
1762,clobetasol,1,[C@@]23(F)C(C1C([C@](O)(C(C1)C)C(=O)CCl)(CC2O)C)CCC4=CC(=O)C=CC34C
1763,clobetasol-propionate,1,[C@]4([C@@]3([C@H]([C@H]2[C@]([C@@]1(C(=CC(=O)C=C1)CC2)C)(F)[C@H](C3)O)C[C@@H]4C)C)(OC(CC)=O)C(CCl)=O
1764,clofexamide,1,C1=CC(=CC=C1OCC(NCCN(CC)CC)=O)Cl
1765,clomacran,1,C1=C(Cl)C=CC3=C1C(C2=C(C=CC=C2)N3)CCCN(C)C
1767,clothiapine(clotiapine),1,C1=C(Cl)C=CC2=C1C(=NC3=C(S2)C=CC=C3)N4CCN(CC4)C
1768,clovoxamine,1,C1=C(C(=N/OCCN)/CCCCOC)C=CC(=C1)Cl
1769,cloxazolam,1,C1=C(Cl)C=CC3=C1C2(OCCN2CC(=O)N3)C4=C(Cl)C=CC=C4
1771,cormethasoneacetate(cormetasone-acetate),1,CC4CC3C2CC(F)(F)C1=CC(=O)C=CC1(C)C2(F)C(O)CC3(C)C4(O)C(=O)COC(C)=O
1772,cropropamide,1,C(C(N(C(\C=C\C)=O)CCC)C(N(C)C)=O)C
1773,cyamemazine,1,C1=C(C#N)C=CC3=C1N(C2=C(C=CC=C2)S3)CC(CN(C)C)C
1779,damotepine,1,C1=CC=CC3=C1SC2=C(C=CC=C2)C=C3CN(C)C
1782,darvon(dextropropoxypheneandlevopropoxyphene),1,[C@](OC(=O)CC)([C@@H](CN(C)C)C)(CC1=CC=CC=C1)C2=CC=CC=C2.[H+].[Cl-]
1784,declenperone,1,C1=CC=CC2=C1N(C(=O)N2)CCCN4CCC(C(C3=CC=C(F)C=C3)=O)CC4
1786,delergotrile,1,[C@@H]34CC1=C[NH]C2=CC=CC(=C12)C3C[C@@H](CN4C)CC#N
1787,delorazepam,1,C1=C(Cl)C=CC2=C1C(=NCC(N2)=O)C3=CC=CC=C3Cl
1790,depramine,1,C1=CC=CC2=C1N(C3=C(C=C2)C=CC=C3)CCCN(C)C
1791,desflurane,1,O(C(C(F)(F)F)F)C(F)F
1792,desomorphine,1,C1=CC(=C3C2=C1CC5C4C2(C(O3)CCC4)CCN5C)O
1793,dexclamol,1,[C@H]15C3=C(CCC2=C1C=CC=C2)C=CC=C3[C@H]4C[C@](C(C)C)(O)CCN4C5
1795,dextrorphan,1,[C@]134[C@@H]([C@H](CC2=C1C=C(O)C=C2)N(C)CC3)CCCC4
1796,dezinamide,1,C1=C(C=CC=C1OC2CN(C(N)=O)C2)C(F)(F)F
1798,diacetylnalorphine,1,C1=CC(=C3C2=C1CC5C4C2(C(O3)C(C=C4)OC(C)=O)CCN5CC=C)OC(C)=O
1801,dichlormezanone,1,C2=C(C1[S](CCC(N1C)=O)(=O)=O)C=CC(=C2Cl)Cl
1803,diethazine,1,C1=CC=CC3=C1N(C2=C(C=CC=C2)S3)CCN(CC)CC
1805,diflorasone-diacetate,1,[C@@]4([C@@]3([C@H]([C@H]2[C@]([C@@]1(C(=CC(=O)C=C1)[C@H](C2)F)C)(F)[C@H](C3)O)C[C@@H]4C)C)(C(COC(C)=O)=O)OC(C)=O
1806,difluprednate,1,[C@@]4([C@@]3([C@H]([C@H]2[C@]([C@@]1(C(=CC(=O)C=C1)[C@H](C2)F)C)(F)[C@H](C3)O)CC4)C)(C(COC(C)=O)=O)OC(CCC)=O
1807,dimemorfan,1,[C@]134[C@@H]([C@H](CC2=C1C=C(C)C=C2)N(C)CC3)CCCC4
1809,dimesone,1,[C@]23([C@H]([C@H]1[C@]([C@](C(CO)=O)(C)[C@@H](C1)C)(C)C[C@@H]2O)CCC4=CC(=O)C=C[C@]34C)F
1810,dimetacrine,1,C1=CC=CC3=C1N(C2=C(C=CC=C2)C3(C)C)CCCN(C)C
1811,dinazafone,1,C1=C(C(=CC=C1Cl)N(C(CNCC(C)=C)=O)C)C(C2=CC=CC=C2)=O
1814,doxefazepam,1,C1=C(Cl)C=CC2=C1C(=NC(O)C(N2CCO)=O)C3=CC=CC=C3F
1815,doxenitoin,1,C3=C(C2(C1=CC=CC=C1)C(NCN2)=O)C=CC=C3
1816,doxibetasol,1,[C@H]34[C@H]2[C@@](F)([C@@]1(C(=CC(=O)C=C1)CC2)C)[C@@H](O)C[C@@]3([C@](O)([C@H](C4)C)C(=O)C)C
1818,dulozafone,1,C1=C(C(=CC=C1Cl)N(C(CN(CCO)CCO)=O)C)C(C2=C(C=CC=C2)Cl)=O
1823,eterobarb,1,C2=C(C1(C(N(C(=O)N(C1=O)COC)COC)=O)CC)C=CC=C2
1824,ethotoin,1,C1=CC=CC=C1C2C(N(CC)C(N2)=O)=O
1825,ethyl-chloride,1,C1=C(Cl)C=CC2=C1C(=NC(C(=O)N2)C(OCC)=O)C3=CC=CC=C3F
1826,etizolam,1,C1=C(SC2=C1C(=NCC3=NN=C([N]23)C)C4=CC=CC=C4Cl)CC
1828,etryptamine,1,C1=CC=CC2=C1C(=C[NH]2)CC(CC)N
1829,fenaclon,1,C1=CC=CC=C1CCNC(CCCl)=O
1832,fletazepam,1,C1=C(Cl)C=CC2=C1C(=NCCN2CC(F)(F)F)C3=CC=CC=C3F
1834,flucindol,1,CN(C)C3CCc2[nH]c1c(F)cc(F)cc1c2C3
1836,fludiazepam,1,C1=C(Cl)C=CC2=C1C(=NCC(=O)N2C)C3=CC=CC=C3F
1837,flumethasone(flumetasoneanddiflorasone),1,[C@H]23[C@@]([C@@]1(C(=CC(=O)C=C1)[C@H](C2)F)C)([C@H](C[C@]4([C@H]3C[C@@H](C)[C@@]4(C(CO)=O)O)C)O)F
1838,flumethasone21pivalate(flumetasone-pivalate),1,[C@]12(F)[C@H](CC4([C@H](C1C[C@@H](C3=CC(=O)C=CC23C)F)C[C@H]([C@]4(O)C(=O)COC(=O)C(C)(C)C)C)C)O
1840,flunisolide-acetate,1,[C@]12(OC(O[C@@H]1CC3C2(CC(O)[C@H]4C3C[C@H](F)C5=CC(=O)C=CC45C)C)(C)C)C(=O)COC(=O)C
1841,fluocinolone,1,[C@H]2(C1=CC(=O)C=C[C@@]1([C@@]4([C@@H](C2)[C@@H]3C[C@@H](O)[C@]([C@@]3(C)C[C@@H]4O)(O)C(=O)CO)F)C)F
1842,fluocinolone-acetonide,1,[C@@]45([C@@]3([C@H]([C@H]2[C@]([C@@]1(C(=CC(=O)C=C1)[C@H](C2)F)C)(F)[C@H](C3)O)C[C@H]4OC(O5)(C)C)C)C(CO)=O
1843,fluocortin-butyl,1,[C@H]24[C@H]1[C@@]([C@@H](C(C(OCCCC)=O)=O)[C@@H](C1)C)(C[C@@H]([C@@H]2[C@@]3(C(=CC(=O)C=C3)[C@H](C4)F)C)O)C
1844,fluocortolone,1,[C@H]24[C@H]1[C@@]([C@@H](C(CO)=O)[C@@H](C1)C)(C[C@@H]([C@@H]2[C@@]3(C(=CC(=O)C=C3)[C@H](C4)F)C)O)C
1845,fluorometholone,1,[C@]23([C@H]([C@H]1[C@]([C@](C(C)=O)(O)CC1)(C)C[C@@H]2O)C[C@H](C)C4=CC(=O)C=C[C@]34C)F
1846,fluperlapine,1,C1=CC=CC3=C1C(=NC2=C(C=CC(=C2)F)C3)N4CCN(C)CC4
1847,fluperolone(fluperolone-acetate),1,[C@H]23[C@@]([C@@]1(C(=CC(=O)C=C1)CC2)C)([C@H](C[C@]4([C@H]3CC[C@@]4(C([C@@H](OC(C)=O)C)=O)O)C)O)F
1848,fluprednidene,1,[C@]34([C@H]([C@H]2[C@@]([C@@]1(C(=CC(C=C1)=O)CC2)C)(C(C3)O)F)CC([C@@]4(C(=O)CO)O)=C)C
1849,fluprednisolone,1,[C@H]24[C@H]1[C@@]([C@](C(CO)=O)(O)CC1)(C[C@@H]([C@@H]2[C@@]3(C(=CC(=O)C=C3)[C@H](C4)F)C)O)C
1850,fluprednisolone-valerate,1,[C@@]4(OC(=O)CCCC)(C3(C(C2C(C1(C(=CC(=O)C=C1)C(F)C2)C)C(O)C3)CC4)C)C(=O)CO
1852,flurandrenolide(fludroxycortide),1,[C@@]45([C@@]3([C@H]([C@H]2[C@@H]([C@@]1(C(=CC(=O)CC1)[C@H](C2)F)C)[C@H](C3)O)C[C@H]4OC(O5)(C)C)C)C(CO)=O
1858,guanoxyfen,1,NC(=N)NCCCOc1ccccc1
1859,halazepam,1,C1=C(Cl)C=CC2=C1C(=NCC(=O)N2CC(F)(F)F)C3=CC=CC=C3
1860,halometasone,1,[C@H]23[C@@]([C@@]1(C(=CC(C(=C1)Cl)=O)[C@H](C2)F)C)([C@H](C[C@]4(C3C[C@H]([C@@]4(C(CO)=O)O)C)C)O)F
1864,homofenazine(homophenazine),1,C1=C(C(F)(F)F)C=CC3=C1N(C2=C(C=CC=C2)S3)CCCN4CCN(CCO)CCC4
1865,hydrocortisone-acetate,1,[C@]34([C@H]([C@H]2[C@@H]([C@@]1(C(=CC(=O)CC1)CC2)C)[C@H](C3)O)CC[C@@]4(C(COC(C)=O)=O)O)C
1866,hydrocortisone-buteprate,1,[C@@]4([C@@]3([C@H]([C@H]2[C@@H]([C@@]1(C(=CC(=O)CC1)CC2)C)[C@H](C3)O)CC4)C)(C(COC(CC)=O)=O)OC(CCC)=O
1867,hydrocortisone-butyrate,1,[C@]4([C@@]3([C@H]([C@H]2[C@@H]([C@@]1(C(=CC(=O)CC1)CC2)C)[C@H](C3)O)CC4)C)(OC(CCC)=O)C(CO)=O
1868,hydromorphone,1,[C@@]125C3=C4C[C@H]([C@@H]1CCC([C@@H]2OC3=C(C=C4)O)=O)N(C)CC5
1869,hydroxypethidine,1,C2=C(C1(C(OCC)=O)CCN(C)CC1)C=CC=C2O
1870,icometasone-enbutate,1,[C@@]4([C@@]3([C@H]([C@H]2[C@]([C@@]1(C(=CC(=O)C=C1)CC2)C)(Cl)[C@H](C3)O)C[C@H]4C)C)(C(COC(C)=O)=O)OC(CCC)=O
1873,intriptyline,1,CN(C)CC#CC=C2c1ccccc1C=Cc3ccccc23
1875,iproniazid,1,C1=CN=CC=C1C(NNC(C)C)=O
1876,isomethadone,1,C1=CC=CC=C1C(C2=CC=CC=C2)(C(CN(C)C)C)C(CC)=O
1878,isothamine(profenamine),1,C1=CC=CC3=C1N(C2=C(C=CC=C2)S3)CC(N(CC)CC)C
1879,ketipramine(ketimipramine),1,C1=CC=CC2=C1N(C3=C(CC2=O)C=CC=C3)CCCN(C)C
1881,levodopa,1,[C@H](CC1=CC(=C(C=C1)O)O)(C(O)=O)N
1882,levomepromazine,1,[C@H](CN1C3=C(SC2=C1C=CC=C2)C=CC(=C3)OC)(CN(C)C)C
1883,levoprotiline(oxaprotiline),1,C13(C4=C(C(C2=C1C=CC=C2)CC3)C=CC=C4)C[C@H](CNC)O
1887,lodaxaprine,1,C1=CC(=NN=C1C2=C(Cl)C=CC=C2)N3CCC(O)CC3
1895,menitrazepam,1,C1=C([N+](=O)[O-])C=CC2=C1C(=NCC(N2C)=O)C3=CCCCC3
1896,mephenytoin,1,C2=C(C1(C(N(C)C(N1)=O)=O)CC)C=CC=C2
1897,mephobarbital(methylphenobarbital),1,C2=C(C1(C(N(C(NC1=O)=O)C)=O)CC)C=CC=C2
1898,mepiprazole,1,C1=C(C=CC=C1N3CCN(CCC2=N[NH]C(=C2)C)CC3)Cl
1899,meprednisone,1,[C@H]12[C@@]([C@](C(CO)=O)(O)[C@H](C1)C)(CC(=O)[C@H]3[C@H]2CCC4=CC(=O)C=C[C@]34C)C
1900,metaclazepam,1,C1=C(Br)C=CC2=C1C(=NCC(N2C)COC)C3=CC=CC=C3Cl
1901,metamfepramone,1,C1=CC=CC(=C1)C(=O)C(C)N(C)C
1902,metapramine,1,C1=CC=CC2=C1C(CC3=C(N2C)C=CC=C3)NC
1903,metaxalone,1,C1=C(C=C(C=C1OCC2CNC(O2)=O)C)C
1904,metazocine,1,C1=CC(=CC2=C1CC3C(C2(CCN3C)C)C)O
1905,metetoin,1,C1=CC=CC=C1C2(N(C(=O)NC2=O)C)CC
1906,methadone(levomethadone),1,C1=CC=CC=C1C(C2=CC=CC=C2)(C(CC)=O)CC(N(C)C)C
1908,methiomeprazine(levometiomeprazine),1,C1=C(SC)C=CC3=C1N(C2=C(C=CC=C2)S3)CC(CN(C)C)C
1909,methsuximide(mesuximide),1,C2=C(C1(C(N(C)C(C1)=O)=O)C)C=CC=C2
1910,methylprednisolone,1,[C@H]24[C@H]1[C@@]([C@](C(CO)=O)(O)CC1)(C[C@@H]([C@@H]2[C@@]3(C(=CC(=O)C=C3)[C@H](C4)C)C)O)C
1911,methylprednisolone-aceponate,1,[C@H]24[C@H]1[C@@]([C@](C(COC(C)=O)=O)(O)CC1)(C[C@@H]([C@@H]2[C@@]3(C(=CC(=O)C=C3)[C@H](C4)C)C)O)C
1912,methylprednisolone-acetate,1,[C@H]24[C@H]1[C@@]([C@](C(COC(CCC(O)=O)=O)=O)(O)CC1)(C[C@@H]([C@@H]2[C@@]3(C(=CC(=O)C=C3)[C@H](C4)C)C)O)C
1913,metitepine(methiothepin),1,C1=C(SC)C=CC4=C1C(N2CCN(C)CC2)CC3=C(C=CC=C3)S4
1914,metomidate,1,C1=NC=C([N]1C(C2=CC=CC=C2)C)C(=O)OC
1916,midazolam(midazolammaleate),1,C1=CC(=CC3=C1[N]2C(=CN=C2C)CN=C3C4=CC=CC=C4F)Cl
1917,milenperone,1,C1=CC(=CC2=C1N(C(=O)N2)CCCN4CCC(C(C3=CC=C(F)C=C3)=O)CC4)Cl
1918,milipertine,1,C1=C(OC)C(=CC2=C1C(=C(C)[NH]2)CCN4CCN(C3=CC=CC=C3OC)CC4)OC
1923,mofegiline,1,C1=C(CC\C(CN)=C/F)C=CC(=C1)F
1928,nealbarbital,1,C(C1(C(NC(=O)NC1=O)=O)CC=C)C(C)(C)C
1932,nerisopam,1,C2=C1C(=NN=C(CC1=CC(=C2OC)OC)C)C3=CC=C(N)C=C3
1935,norcodeine,1,C1=CC(=C3C2=C1CC5C4C2(C(O3)C(O)C=C4)CCN5)OC
1936,normethadone,1,C2=C(C(C1=CC=CC=C1)(CCN(C)C)C(CC)=O)C=CC=C2
1937,ocfentanil,1,C3=C(N(C2CCN(CCC1=CC=CC=C1)CC2)C(COC)=O)C(=CC=C3)F
1938,odapipam,1,[C@@H]4(C1=CC=CC2=C1OCC2)C3=CC(=C(Cl)C=C3CCN(C4)C)O.CC(=O)O
1939,olanzapine,1,C1=C3C(=CC=C1)N=C2SC(=CC2=C(N3)N4CCN(CC4)C)C
1941,oxanamide,1,O1CCCCC1C(=O)N
1942,oxazolam,1,[C@@]12(C3=C(NC(CN1C[C@H](O2)C)=O)C=CC(=C3)Cl)C4=CC=CC=C4
1945,oxypertine,1,C1=C(OC)C(=CC2=C1C(=C(C)[NH]2)CCN4CCN(C3=CC=CC=C3)CC4)OC
1946,oxyridazine,1,C1=C(OC)C=CC3=C1N(C2=C(C=CC=C2)S3)CCC4N(CCCC4)C
1947,paracetamol(acetaminophen),1,N(C(=O)C)C1=CC=C(O)C=C1
1948,paramethadione,1,C(C)C1(C)C(=O)N(C(O1)=O)C
1949,paramethasone,1,[C@]12(C(=CC(C=C1)=O)[C@H](C[C@H]3[C@H]4[C@](C[C@@H]([C@H]23)O)([C@](C(=O)CO)(O)[C@@H](C4)C)C)F)C
1950,parapropamol,1,C1=C(NC(CC)=O)C=CC(=C1)O
1952,penciclovir,1,C1=NC2=C([N]1CCC(CO)CO)NC(=NC2=O)N
1953,pentamoxane,1,CC(C)CCNCC2COc1ccccc1O2
1955,periciazine,1,C1=C(C=CC3=C1N(CCCN2CCC(CC2)O)C4=C(S3)C=CC=C4)C#N
1956,perimetazine,1,C1=C(OC)C=CC3=C1N(C2=C(C=CC=C2)S3)CC(CN4CCC(O)CC4)C
1958,phacetoperane,1,CC(=O)OC(C1CCCCN1)c2ccccc2
1959,phenaglycodol,1,C1=C(C(C(C)(C)O)(C)O)C=CC(=C1)Cl
1960,phendimetrazine,1,[C@H]2(C1=CC=CC=C1)[C@@H](N(CCO2)C)C
1961,phenelzine,1,[Cl].C1=CC=CC=C1CCNN
1962,pheniprazine,1,C1=CC=CC=C1CC(NN)C
1966,pinazepam,1,C1=C(Cl)C=CC2=C1C(=NCC(N2CC#C)=O)C3=CC=CC=C3
1967,pipotiazine,1,C1=C([S](N(C)C)(=O)=O)C=CC3=C1N(C2=C(C=CC=C2)S3)CCCN4CCC(CCO)CC4
1971,prazepine,1,C1=CC=CC2=C1N(C3=C(CC2)C=CC=C3)CCCN(C)C
1972,prednisolone-acetate,1,[C@]34([C@H]([C@H]2[C@@H]([C@@]1(C(=CC(=O)C=C1)CC2)C)[C@H](C3)O)CC[C@@]4(C(COC(C)=O)=O)O)C
1973,prednisolone-hemisuccinate,1,[C@]14([C@@](C(=O)COC(CCC(=O)[O-])=O)(CC[C@H]1[C@@H]3CCC2=CC(C=C[C@@]2([C@H]3[C@H](C4)O)C)=O)O)C.[Na+]
1974,prednival,1,C(C)CCC(=O)OC3(CCC4C2CCC1=CC(=O)C=CC1(C)C2C(O)CC34C)C(=O)CO
1977,procinonide,1,[C@@]23(F)C1(C(=CC(=O)C=C1)[C@@H](F)CC2C5C(CC3O)([C@]4(C(=O)COC(=O)CC)OC(O[C@@H]4C5)(C)C)C)C
1979,promethazine,1,C1=CC=CC2=C1N(C3=C(S2)C=CC=C3)CC(C)N(C)C
1980,propoxate,1,C1=NC=C([N]1C(C2=CC=CC=C2)C)C(OCCC)=O
1981,prosulpride,1,C1=C([S](N)(=O)=O)C=CC(=C1C(NCC2N(CCC2)CCC)=O)OC
1989,remoxipride,1,[C@H]2(CNC(C1=C(C=CC(=C1OC)Br)OC)=O)N(CCC2)CC
1993,roflurane,1,COC(C(F)Br)(F)F
1999,seproxetine,1,NCCC(Oc1ccc(cc1)C(F)(F)F)c2ccccc2
2004,sulazepam,1,C1=C(Cl)C=CC2=C1C(=NCC(=S)N2C)C3=CC=CC=C3
2005,sulfonethylmethane,1,C(C([S](CC)(=O)=O)([S](CC)(=O)=O)C)C
2006,sulpiride,1,C1=C([S](=O)(=O)N)C=CC(=C1C(NCC2N(CC)CCC2)=O)OC
2008,taclamine,1,C5=C2C1=C(CCC4=C(C1CN3CCCCC23)C=CC=C4)C=C5
2009,talbutal,1,C(C(C)C1(CC=C)C(=O)NC(NC1=O)=O)C
2012,tetrazepam,1,C1=C(Cl)C=CC2=C1C(=NCC(=O)N2C)C3=CCCCC3
2013,thiotetrabarbital,1,C(C1(C(CCC)CC)C(NC(=S)NC1=O)=O)C
2014,tiapride,1,C1=C([S](C)(=O)=O)C=CC(=C1C(NCCN(CC)CC)=O)OC
2015,ticabesone(ticabesone-propionate),1,[C@]14([C@](OC(=O)CC)([C@@H](CC1C3[C@@](F)(C2(C(=CC(=O)C=C2)[C@@H](F)C3)C)[C@@H](O)C4)C)C(SC)=O)C
2019,timobesone,1,CSC(=O)C3(O)C(C)CC4C2CCC1=CC(=O)C=CC1(C)C2(F)C(O)CC34C
2021,toloxatone,1,C2=C(N1CC(CO)OC1=O)C=CC=C2C
2022,tomoxetine,1,[C@H](OC1=C(C=CC=C1)C)(C2=CC=CC=C2)CCNC
2025,triamcinolone-acetonide,1,[C@@]45([C@@]3([C@H]([C@H]2[C@]([C@@]1(C(=CC(=O)C=C1)CC2)C)(F)[C@H](C3)O)C[C@H]4OC(O5)(C)C)C)C(CO)=O
2026,triamcinolone-diacetate,1,[C@]34([C@H]([C@H]2[C@]([C@@]1(C(=CC(=O)C=C1)CC2)C)(F)[C@H](C3)O)C[C@H]([C@@]4(C(COC(C)=O)=O)O)OC(C)=O)C
2027,triamcinolone-hexacetonide,1,[C@@]45([C@@]3([C@H]([C@H]2[C@]([C@@]1(C(=CC(=O)C=C1)CC2)C)(F)[C@H](C3)O)C[C@H]4OC(O5)(C)C)C)C(COC(CC(C)(C)C)=O)=O
2028,triclacetamol,1,C1=C(NC(C(Cl)(Cl)Cl)=O)C=CC(=C1)O
2029,triflubazam,1,C1=C(C(F)(F)F)C=CC3=C1N(C2=CC=CC=C2)C(CC(N3C)=O)=O
2030,trifluomeprazine,1,C1=CC=C2C(=C1)SC3=C(N2CC(C)CN(C)C)C=C(C=C3)C(F)(F)F
2031,trifluoperazine,1,C1=C(C=CC3=C1N(CCCN2CCN(CC2)C)C4=C(S3)C=CC=C4)C(F)(F)F
2032,trimethadione,1,CC1(C(N(C(O1)=O)C)=O)C
2034,tuclazepam,1,C1=C2C(=CC=C1)N(C(Cl)(CN=C2C3=CC=CC=C3Cl)CO)C
2035,ulobetasol,1,CC4CC3C2CC(F)C1=CC(=O)C=CC1(C)C2(F)C(O)CC3(C)C4(O)C(=O)CCl
2036,valdetamide,1,C(C(C(N)=O)(CC)CC)C=C
2037,valnoctamide,1,C(C(C(CC)C)C(N)=O)C
2039,valpromide,1,C(C(CCC)C(N)=O)CC
2040,vinbarbital,1,C(C1(C(NC(=O)NC1=O)=O)C(=C/CC)/C)C
2041,vinylbital,1,C(C(C1(C(NC(=O)NC1=O)=O)C=C)C)CC
2042,viqualine,1,C1=C(OC)C=CC2=NC=CC(=C12)CCCC3C(CNCC3)C=C
2043,xanomeline,1,C(OC1=NSN=C1C2=CCCN(C2)C)CCCCC
2045,zimeldine,1,C2=C(\C(C1=CC=CN=C1)=C\CN(C)C)C=CC(=C2)Br
2048,nitrous-oxide,1,[N+](=[N-])=O
2050,ademetionine(adenosyl-methionine),1,[C@H]3([N]2C1=C(C(=NC=N1)N)N=C2)[C@@H]([C@@H]([C@H](O3)C[S+](CC[C@@H](C([O-])=O)N)C)O)O
2053,azidamfenicol,1,[N+](=NCC(=O)N[C@@H]([C@H](O)C1=CC=C([N+]([O-])=O)C=C1)CO)=[N-]
